Year,Player,Pos,Age,Tm,G,MP,PER,TS%,3PAr,FTr,ORB%,DRB%,TRB%,AST%,STL%,BLK%,TOV%,USG%,OWS,DWS,WS,WS/48,OBPM,DBPM,BPM,VORP
2018,Alex Abrines,SG,24,OKC,19,289,6.7,0.508,0.671,0.157,2.6,8.2,5.3,3.5,1.7,0.3,8.6,12.3,0.1,0.3,0.4,0.067,-2.5,-1.3,-3.8,-0.1
2018,Quincy Acy,PF,27,BRK,17,301,7.1,0.519,0.795,0.282,3,21,11.8,5.4,0.9,1,17,14.6,-0.1,0.2,0.1,0.017,-2.8,-0.8,-3.6,-0.1
2018,Steven Adams,C,24,OKC,18,560,20.6,0.662,0,0.32,15.2,13.9,14.6,4.1,2.1,3.5,15.1,15.9,1.5,0.9,2.4,0.203,1.2,1.7,2.9,0.7
2018,Bam Adebayo,C,20,MIA,13,191,16.9,0.631,0,0.537,11.1,19,15.1,1.6,2.6,3,15.1,14,0.3,0.3,0.7,0.168,-2.3,1.8,-0.5,0.1
2018,Arron Afflalo,SG,32,ORL,17,199,2.4,0.396,0.472,0.278,0.6,12.9,6.8,5.7,0.2,1.2,12.9,10.1,-0.2,0,-0.2,-0.046,-5.4,-1.2,-6.5,-0.2
2018,Cole Aldrich,C,29,MIN,5,10,0.8,0.174,0,1,0,11.7,5.8,12.1,5,0,0,12.6,0,0,0,-0.075,-7.6,1.5,-6.1,0
2018,LaMarcus Aldridge,PF,32,SAS,22,731,26.3,0.586,0.1,0.316,10.7,16.5,13.6,12.8,0.9,3.1,6.9,28.5,2.6,1.1,3.7,0.245,4.1,0.1,4.2,1.2
2018,Jarrett Allen,C,19,BRK,14,217,14.8,0.547,0.019,0.404,9.8,16.8,13.2,4.6,1.9,3.6,8.9,12.8,0.3,0.2,0.6,0.123,-1.9,1.9,0,0.1
2018,Tony Allen,SG,36,NOP,19,254,8.9,0.514,0.145,0.229,8.5,11.3,10,5.1,1.9,1,17.2,18.9,-0.1,0.2,0.1,0.012,-4,-1.1,-5.1,-0.2
2018,Al-Farouq Aminu,PF,27,POR,10,289,14.3,0.584,0.543,0.171,5.7,22.2,14.1,7.2,1.2,2.8,11.7,12.8,0.4,0.5,0.9,0.156,-0.2,2.5,2.4,0.3
2018,Justin Anderson,SF,24,PHI,10,126,9.6,0.489,0.542,0.146,8.4,13.8,11.1,3.4,1.1,0.7,7.3,18.1,0.1,0.1,0.2,0.071,-1.5,-2.5,-4,-0.1
2018,Kyle Anderson,SF,24,SAS,22,609,16.9,0.57,0.072,0.336,5.7,18.9,12.3,16.3,2.1,2.6,13.4,14.8,1,1.1,2.1,0.167,-0.1,3.3,3.2,0.8
2018,Ryan Anderson,PF,29,HOU,20,600,14.3,0.639,0.781,0.144,5.1,16.3,10.7,3.5,0.5,1.3,7.9,15.6,1.3,0.6,1.9,0.152,1.9,-1,0.9,0.4
2018,Ike Anigbogu,C,19,IND,6,17,5.2,0.34,0,0.4,13.3,13,13.1,0,2.8,4.9,25.4,20.2,-0.1,0,0,-0.114,-10.9,-1.2,-12.1,0
2018,Giannis Antetokounmpo,PF,23,MIL,20,741,31.3,0.61,0.088,0.469,6.2,26.7,16.4,23.7,2.4,4.2,10.3,33.3,2.9,1.2,4.1,0.263,5.5,2.3,7.8,1.8
2018,Carmelo Anthony,SF,33,OKC,20,646,16.3,0.534,0.394,0.237,2.5,19.9,10.9,8.3,1.3,2,8.4,26.3,0.7,0.9,1.6,0.119,-0.9,-1.4,-2.3,-0.1
2018,OG Anunoby,SF,20,TOR,21,395,12.6,0.606,0.55,0.22,3.6,8.5,6.1,6.9,2.2,0.2,6.8,13.1,0.7,0.4,1.1,0.134,2.4,-0.1,2.3,0.4
2018,Ryan Arcidiacono,PG,23,CHI,1,5,-13.3,0,1,0,0,0,0,26.6,0,0,0,17.6,0,0,0,-0.374,-12.7,-10.4,-23.1,0
2018,Trevor Ariza,SF,32,HOU,19,649,12.6,0.601,0.758,0.118,2.1,12.9,7.5,9.1,2.1,0.4,10.1,13.9,1,0.8,1.8,0.135,1.6,1.1,2.7,0.8
2018,Darrell Arthur,PF,29,DEN,3,24,-7.7,0.143,0.571,0,4.6,9.4,6.9,5.3,2,0,22.2,16,-0.1,0,-0.1,-0.239,-10.5,-1.8,-12.3,-0.1
2018,Omer Asik,C,31,NOP,2,24,11.1,0.509,0,0.333,4.7,31.1,18.3,5.8,0,0,0,12.5,0,0,0,0.094,-4.8,-2.1,-6.9,0
2018,D.J. Augustin,PG,30,ORL,16,319,16.4,0.649,0.416,0.404,1.7,7.7,4.8,27.3,1.9,0,19.9,17.8,0.8,0.1,0.8,0.126,1.8,-2.7,-1,0.1
2018,Luke Babbitt,SF,28,ATL,19,372,13.3,0.652,0.658,0.111,1.2,13.5,7.3,6.9,0.8,0.7,9.6,16,0.7,0.1,0.7,0.094,1.5,-2.4,-0.9,0.1
2018,Dwayne Bacon,SG,22,CHO,20,382,5.3,0.438,0.296,0.112,0.3,20.6,10.5,7.2,0.8,0.4,11.2,13.2,-0.3,0.3,0,-0.001,-5.2,0.5,-4.7,-0.3
2018,Ron Baker,SG,24,NYK,5,57,11.2,0.485,0.333,1.111,0,7.6,4,31.5,5.2,0,34.3,15.6,-0.1,0.1,0,0.032,-3.6,0.4,-3.2,0
2018,Lonzo Ball,PG,20,LAL,22,735,10.2,0.383,0.445,0.122,4.7,17.5,11.2,29.1,2,1.8,18.9,18,-0.9,1.1,0.2,0.011,-3,2.3,-0.7,0.2
2018,J.J. Barea,PG,33,DAL,23,511,18.4,0.553,0.483,0.167,1.4,13.9,7.4,42.4,1.1,0.2,15.7,26.8,0.8,0.4,1.1,0.107,3.5,-1.7,1.7,0.5
2018,Harrison Barnes,PF,25,DAL,23,809,15.2,0.533,0.246,0.33,3.6,20.5,11.7,9.7,1,0.3,10.2,24.4,0.5,0.7,1.2,0.073,-1.5,-0.6,-2.1,0
2018,Will Barton,SG,27,DEN,22,650,17.7,0.59,0.424,0.276,3,16.2,9.5,15,1.7,1.6,13,21.8,1.2,0.6,1.8,0.132,2,-0.6,1.4,0.6
2018,Nicolas Batum,SG,29,CHO,8,219,11.2,0.475,0.444,0.21,2,11.6,6.8,22,1.3,0.8,14.5,20.5,0,0.2,0.1,0.029,-1.5,-0.5,-2,0
2018,Jerryd Bayless,SG,29,PHI,16,446,9,0.571,0.516,0.254,1.2,7.3,4.3,10,1.1,0.6,14.5,14.7,0.3,0.3,0.6,0.069,-0.8,-0.8,-1.7,0
2018,Aron Baynes,C,31,BOS,24,432,13.2,0.514,0.026,0.302,12,19.7,15.9,7.9,1,3.1,15.4,16,0.3,0.8,1.1,0.124,-2.9,2.7,-0.2,0.2
2018,Kent Bazemore,SG,28,ATL,22,628,14,0.515,0.364,0.329,1.6,15.8,8.6,17.8,3.2,1.6,16.3,21.8,0,0.6,0.6,0.044,-1.3,1.2,-0.1,0.3
2018,Bradley Beal,SG,24,WAS,22,762,19.5,0.57,0.337,0.321,2.8,11.1,7,16.8,1.7,1.3,12.4,28.7,1.2,0.8,2,0.129,2.6,-0.6,2.1,0.8
2018,Malik Beasley,SG,21,DEN,19,159,9.5,0.511,0.449,0.224,4.1,15.6,9.8,9.1,0.9,0,12.9,16.6,0,0.1,0.1,0.039,-2.3,-2.7,-5,-0.1
2018,Michael Beasley,PF,29,NYK,15,216,12.5,0.526,0.098,0.217,8.2,19.1,13.9,10.5,0.2,2.6,19.9,25.4,-0.2,0.2,0,-0.005,-3.9,-0.7,-4.6,-0.1
2018,Marco Belinelli,SG,31,ATL,22,569,15.9,0.564,0.516,0.201,1,8.8,4.9,15.3,2.3,0.2,8.4,20.1,1,0.2,1.2,0.1,2,-2,0,0.3
2018,Jordan Bell,C,23,GSW,17,168,24,0.741,0,0.043,13,19.4,16.5,13.4,2.8,8,18.7,15.1,0.5,0.4,0.9,0.252,3,5.2,8.3,0.4
2018,DeAndre' Bembry,SF,23,ATL,8,120,5.8,0.419,0.154,0.231,0.9,19,9.9,10.9,2.9,3.1,23.2,20.5,-0.4,0.1,-0.3,-0.102,-8.4,1.8,-6.6,-0.1
2018,Dragan Bender,PF,20,PHO,24,508,7.5,0.528,0.655,0.134,2,15.8,8.8,6.4,0.7,2.1,17.1,12.3,-0.1,0.2,0.1,0.01,-2.3,-0.7,-3,-0.1
2018,Davis Bertans,PF,25,SAS,18,111,11.6,0.6,0.853,0.235,0,14.1,7,9.4,1.4,1.5,13.8,17.6,0.1,0.2,0.3,0.111,0,-1.3,-1.2,0
2018,Patrick Beverley,SG,29,LAC,11,334,13.2,0.53,0.504,0.143,5.2,9.8,7.5,14.9,2.8,1.3,16.5,19.8,0.1,0.3,0.4,0.059,0.9,-0.3,0.6,0.2
2018,Khem Birch,C,25,ORL,3,10,10.6,0.4,0,0,22.2,0,10.9,15.6,0,0,0,21.6,0,0,0,0.046,0.6,-4.5,-3.9,0
2018,Jabari Bird,SG,23,BOS,2,16,3.2,0.469,1,5,0,6.7,3.4,0,0,0,0,8.9,0,0,0,0.061,-3.7,-2.6,-6.3,0
2018,Bismack Biyombo,C,25,ORL,23,362,10.7,0.524,0.013,0.571,10.1,21.6,16,2.6,0.4,6.4,21.2,14.6,-0.1,0.3,0.2,0.033,-5.3,1.3,-4,-0.2
2018,Nemanja Bjelica,PF,29,MIN,18,275,18,0.725,0.494,0.145,3.3,18.3,10.7,7.3,1.8,1.3,12.8,16.1,0.7,0.2,0.9,0.164,3.2,-1,2.2,0.3
2018,Tarik Black,C,26,HOU,16,148,15.8,0.585,0.15,0.4,13,24.8,18.9,6.1,2,5.1,17.5,16.7,0.2,0.3,0.5,0.172,-2.4,3.1,0.8,0.1
2018,Antonio Blakeney,SG,21,CHI,11,163,8.3,0.457,0.364,0.247,1.9,11.7,6.5,7.4,0.6,0,8.6,25.2,-0.2,0,-0.2,-0.058,-4.9,-4.6,-9.5,-0.3
2018,Eric Bledsoe,PG,28,TOT,14,417,18.4,0.533,0.316,0.385,3.3,11,7.1,23.7,3.2,2.1,15.8,28,0.2,0.5,0.7,0.075,0.5,-0.6,-0.1,0.2
2018,Vander Blue,SG,25,LAL,4,28,-3.1,0.333,0,0,0,3.7,1.9,4.4,0,0,40,7.4,-0.1,0,-0.1,-0.094,-9.3,-1.1,-10.4,-0.1
2018,Bogdan Bogdanovic,SG,25,SAC,20,478,12.8,0.543,0.359,0.186,1.4,9.9,5.4,13.8,2.2,1.4,15,20,0,0.2,0.3,0.028,-1,-1.3,-2.3,0
2018,Bojan Bogdanovic,SF,28,IND,23,716,14.3,0.628,0.454,0.187,0.9,10.5,5.8,5.5,0.9,0.1,8.7,18.1,1.3,0.2,1.5,0.104,2,-2.5,-0.5,0.3
2018,Andrew Bogut,C,33,LAL,14,112,11,0.615,0,0,9.4,30.6,20.1,10.5,0.8,7.1,43.5,8.5,0,0.2,0.2,0.086,-5.7,5.5,-0.3,0
2018,Joel Bolomboy,PF,24,MIL,5,31,8.1,0.377,0.25,1.5,19.1,11.5,15.3,0,3.2,0,23.1,12.8,0,0,0,0.014,-4.9,-3.9,-8.8,-0.1
2018,Devin Booker,SG,21,PHO,23,773,18.5,0.572,0.352,0.279,1.4,12.2,6.7,20.8,1.1,0.6,13.6,29.2,1.2,0.2,1.4,0.086,3.1,-3.1,0,0.4
2018,Trevor Booker,PF,30,BRK,17,376,15.5,0.537,0.085,0.289,10,21.1,15.4,13.6,1,1,14.9,20.7,0.3,0.2,0.6,0.072,-1.3,0.1,-1.2,0.1
2018,Avery Bradley,SG,27,DET,22,697,12.7,0.538,0.333,0.176,2.2,7.4,4.7,9.9,2.4,0.5,14.7,24.3,-0.1,0.7,0.6,0.043,-1.1,-0.7,-1.8,0
2018,Tony Bradley,C,20,UTA,7,21,2.2,0.202,0.111,0.222,15.9,28.4,21.9,6.5,0,0,0,21.3,-0.1,0,-0.1,-0.13,-10.6,-3.5,-14.1,-0.1
2018,Corey Brewer,SF,31,LAL,22,272,8.3,0.501,0.291,0.327,1.9,9.5,5.8,8.3,3.1,1.2,16,11.5,0,0.4,0.4,0.063,-3.8,1.8,-2,0
2018,Malcolm Brogdon,PG,25,MIL,20,600,14.7,0.576,0.352,0.155,0.6,10.1,5.4,19.3,1.6,0.6,12,19.8,0.8,0.4,1.1,0.092,0.8,-2.5,-1.7,0
2018,Aaron Brooks,PG,33,MIN,11,53,16.4,0.594,0.476,0.095,4.3,8.8,6.6,20.7,0.9,0,8.4,19.7,0.1,0,0.2,0.141,3.5,-4.2,-0.7,0
2018,Dillon Brooks,SF,22,MEM,22,644,8.1,0.54,0.335,0.2,2.9,11.4,7.1,7.1,1.7,1.7,18,14.7,-0.2,0.6,0.4,0.027,-2.7,0.8,-1.9,0
2018,Bobby Brown,PG,33,HOU,15,100,2.7,0.389,0.688,0.042,0,7.8,3.9,13.4,1.4,0,14.1,24.6,-0.3,0.1,-0.2,-0.102,-6.6,-3.5,-10,-0.2
2018,Jaylen Brown,SF,21,BOS,23,731,14.1,0.556,0.387,0.336,3.7,16.3,10.2,6.3,1.8,0.8,10.4,21.1,0.6,1.3,1.9,0.123,-0.5,0.7,0.2,0.4
2018,Lorenzo Brown,PG,27,TOR,4,46,5.2,0.167,0.5,0,0,17,8.8,12.9,3.2,0,0,5.8,0,0.1,0,0.033,-3.8,3,-0.8,0
2018,Sterling Brown,SG,22,MIL,5,29,8,0.375,0.333,0,8.2,12.3,10.2,10.3,3.5,0,7.7,20.6,-0.1,0,0,-0.028,-3.9,-1.9,-5.8,0
2018,Nicolas Brussino,SF,24,ATL,4,10,-4.7,0,1,0,0,34.2,17,0,0,0,0,8.8,0,0,0,-0.188,-13.2,-5.1,-18.3,0
2018,Reggie Bullock,SF,26,DET,11,166,6.3,0.37,0.594,0.125,2,6.4,4.1,9.4,2.4,1,8.2,9.7,-0.1,0.2,0.1,0.024,-3.1,1.1,-2,0
2018,Alec Burks,SG,26,UTA,22,410,15.6,0.542,0.333,0.23,1.1,18,9.2,7.6,2.6,1.5,8.6,21.9,0.3,0.6,0.9,0.108,-1.6,0.1,-1.5,0.1
2018,Jimmy Butler,SG,28,MIN,21,764,18.1,0.539,0.203,0.34,3.7,13.3,8.5,19.4,2.5,0.7,11.3,22.3,1.3,0.5,1.9,0.117,1.9,0,1.9,0.8
2018,Bruno Caboclo,SF,22,TOR,2,7,-0.1,0,1,0,0,16,8.3,16.6,7,0,0,12.6,0,0,0,-0.122,-6,4.4,-1.7,0
2018,Jose Calderon,PG,36,CLE,14,188,6.7,0.597,0.56,0.24,1.3,6.4,3.9,14.5,1.6,0,26.6,8.9,0.1,0,0.2,0.04,-1.7,-1.9,-3.6,-0.1
2018,Kentavious Caldwell-Pope,SG,24,LAL,20,686,12.2,0.532,0.504,0.233,2.8,13.3,8.1,10.2,2.2,0.8,12.3,17.7,0.3,0.9,1.2,0.083,-0.5,0.7,0.2,0.4
2018,Isaiah Canaan,SG,26,HOU,1,4,-7.3,0,0,0,0,27.8,14,0,0,0,0,10.8,0,0,0,-0.212,-16.9,-3.4,-20.2,0
2018,Clint Capela,C,23,HOU,21,543,26.3,0.678,0.005,0.335,14.4,34.4,24.5,8.9,1.4,5.6,13.8,19.6,1.9,1.2,3.1,0.276,1.1,4,5.1,1
2018,DeMarre Carroll,SF,31,BRK,20,594,15.9,0.566,0.5,0.395,6.1,18.8,12.3,8.3,1.7,1.2,9.9,19.1,1,0.5,1.4,0.117,1.3,0,1.3,0.5
2018,Vince Carter,SF,41,SAC,14,164,3.9,0.38,0.565,0.13,0.7,12.6,6.3,7.9,1.9,2.3,11,15,-0.3,0.1,-0.2,-0.063,-5.1,-0.7,-5.8,-0.2
2018,Michael Carter-Williams,PG,26,CHO,10,183,11.5,0.437,0.22,0.64,5.9,11.6,8.7,23.8,2.9,1.9,19,18.8,-0.1,0.2,0.2,0.049,-2.7,2.3,-0.4,0.1
2018,Alex Caruso,PG,23,LAL,2,19,4.8,0.5,0,0,0,10.9,5.5,26.8,0,0,50,8.8,0,0,0,-0.023,-8.1,-2.7,-10.8,0
2018,Omri Casspi,SF,29,GSW,19,268,17.5,0.682,0.132,0.316,4.1,25,15.5,9.5,1.1,3.2,13.9,16.1,0.6,0.4,1,0.181,-0.1,0.7,0.6,0.2
2018,Willie Cauley-Stein,C,24,SAC,23,565,17.2,0.536,0.031,0.284,7.6,20.6,13.8,14.6,1.6,4.1,13.8,20.2,0.5,0.5,1,0.081,-1.2,1.6,0.5,0.4
2018,Tyler Cavanaugh,PF,23,ATL,13,130,15.7,0.659,0.618,0.059,5.2,19.3,12.2,14.8,0.8,0.7,5.4,12.4,0.4,0.1,0.5,0.166,2.6,-1.3,1.2,0.1
2018,Mario Chalmers,PG,31,MEM,21,505,10.2,0.461,0.396,0.333,0.7,13.9,7.3,25.2,2.7,0.5,16.1,19.9,-0.3,0.6,0.3,0.027,-2.4,0,-2.4,0
2018,Tyson Chandler,C,35,PHO,18,455,15.6,0.669,0,0.453,12.1,27.9,19.8,4.7,0.5,1.9,16.9,11.2,0.9,0.3,1.2,0.13,-0.6,-0.4,-1,0.1
2018,Wilson Chandler,SF,30,DEN,18,545,10.1,0.533,0.396,0.239,4.4,11.8,8,12.3,0.8,1.1,15.9,13.8,0.4,0.3,0.7,0.06,-0.8,-0.7,-1.5,0.1
2018,Marquese Chriss,PF,20,PHO,24,481,10,0.492,0.4,0.244,4,20.4,12.1,8.1,1.5,4.4,15.3,15.1,-0.1,0.4,0.3,0.032,-2.9,1.4,-1.5,0.1
2018,Ian Clark,SG,26,NOP,20,298,6.2,0.449,0.531,0.125,0.8,9,5,13.3,1.3,0.3,12.9,17,-0.3,0.1,-0.1,-0.021,-3.7,-2.2,-6,-0.3
2018,Jordan Clarkson,SG,25,LAL,22,504,19.2,0.567,0.269,0.21,4,9.3,6.7,23.1,1.4,0,11.9,27.7,0.8,0.5,1.3,0.123,2.2,-2.4,-0.1,0.2
2018,Gian Clavell,SG,24,DAL,7,64,7.7,0.53,0.833,0.111,1.6,10.7,6,7.1,1.6,0,9.6,14.6,0,0.1,0.1,0.053,-1.4,-1.3,-2.7,0
2018,Antonius Cleveland,SG,23,DAL,6,25,8.7,0.444,0,0.8,8.4,13.7,10.9,11.8,2,0,12.9,13.9,0,0,0,0.056,-4.2,0.7,-3.5,0
2018,John Collins,PF,20,ATL,21,484,20.4,0.622,0.006,0.27,15.3,19.6,17.4,5.8,1.4,3.5,13.7,20.5,1.2,0.4,1.6,0.158,0.8,0,0.8,0.3
2018,Zach Collins,C,20,POR,7,34,-14.2,0.167,0.333,0,6.5,12.6,9.6,7.8,0,0,40,19.2,-0.3,0,-0.2,-0.316,-14.6,-0.9,-15.5,-0.1
2018,Darren Collison,PG,30,IND,23,735,16.7,0.569,0.321,0.276,2.5,8.4,5.5,27.9,1.9,0.3,13,16.9,1.8,0.4,2.2,0.142,2.4,-1.4,1,0.6
2018,Nick Collison,PF,37,OKC,3,15,22.5,1.042,0,1,7.3,23.6,15.1,20.4,0,0,25.8,11.2,0.1,0,0.1,0.292,2.2,-1.5,0.7,0
2018,Mike Conley,PG,30,MEM,12,373,16,0.52,0.458,0.393,0,8.5,4.2,22.8,1.6,0.7,8.4,26.6,0.4,0.3,0.7,0.085,1.5,-3,-1.5,0
2018,Pat Connaughton,SG,25,POR,23,449,11.2,0.611,0.565,0.122,1.2,11.5,6.4,9,0.4,1.1,10.4,13.1,0.7,0.5,1.2,0.129,-0.1,-0.3,-0.4,0.2
2018,Quinn Cook,PG,24,GSW,3,19,12.5,0.6,0.4,0,0,10.7,5.8,34.7,0,0,16.7,13.6,0,0,0.1,0.147,-0.2,-5.2,-5.5,0
2018,Charles Cooke,SG,23,NOP,2,5,8.8,0.25,0.5,0,0,0,0,30.9,9.6,0,0,34.8,0,0,0,-0.194,-6.5,-3.7,-10.3,0
2018,Jack Cooley,PF,26,SAC,1,2,49.7,0.532,0,2,0,60.6,28.8,64.3,0,0,0,42.3,0,0,0,0.536,13.6,5.9,19.5,0
2018,Matt Costello,C,24,SAS,1,11,16.4,1,0,0,0,50.8,25.4,0,0,15.2,0,4.1,0,0,0.1,0.249,-7.3,4.4,-2.9,0
2018,DeMarcus Cousins,C,27,NOP,23,819,22.8,0.566,0.348,0.391,6.5,30.8,19,23.9,2,3.6,17.7,33.5,0.7,1.3,2,0.119,1.6,3,4.6,1.4
2018,Robert Covington,PF,27,PHI,22,698,15.2,0.605,0.658,0.167,3.5,16.7,10.2,8.1,2.4,1.8,12.9,18.8,0.9,1,2,0.135,2.2,1.2,3.4,1
2018,Allen Crabbe,SG,25,BRK,19,517,12.9,0.568,0.607,0.188,1.8,13.7,7.5,8.1,1.1,0.7,8.8,18.2,0.6,0.2,0.8,0.077,0.7,-1.5,-0.7,0.2
2018,Torrey Craig,SF,27,DEN,1,6,-4.9,0,1,0,0,18.8,9.3,0,0,0,0,7.1,0,0,0,-0.149,-10.3,-4.1,-14.4,0
2018,Jamal Crawford,SG,37,MIN,23,400,14.4,0.542,0.432,0.239,1.7,5.6,3.6,18.2,1.7,0.4,13.7,24.7,0.4,0.1,0.5,0.059,0.7,-4,-3.3,-0.1
2018,Jordan Crawford,SG,29,NOP,2,37,16.3,0.643,0.357,0,6.1,2.9,4.5,36.9,0,2.2,22.2,21.2,0.1,0,0.1,0.13,1.4,-4.8,-3.3,0
2018,Jae Crowder,SF,27,CLE,23,594,9.2,0.537,0.512,0.315,3.4,10.3,7,5.3,1.2,0.1,11.1,15.5,0.4,0.2,0.6,0.046,-0.8,-2.1,-3,-0.1
2018,Dante Cunningham,SF,30,NOP,23,514,8,0.504,0.577,0.144,4.4,14.1,9.4,3.6,1.1,1,4.8,10.5,0.3,0.3,0.6,0.057,-1.7,-0.5,-2.2,0
2018,Stephen Curry,PG,29,GSW,21,685,26.6,0.632,0.534,0.367,2.3,14.4,8.9,30,2.5,0.5,13.1,31.1,2.9,0.9,3.7,0.262,7.8,-1.1,6.7,1.5
2018,Troy Daniels,SG,26,PHO,24,360,9.2,0.602,0.803,0.033,0.8,6.2,3.5,4.1,0.6,0,10.8,15.8,0.4,-0.1,0.3,0.039,0.7,-4.4,-3.7,-0.2
2018,Anthony Davis,PF,24,NOP,21,733,28.8,0.646,0.116,0.493,7.7,26.2,17.3,12.8,1.6,4.1,10.1,27.1,2.9,1,3.9,0.256,3.6,1.7,5.3,1.4
2018,Deyonta Davis,C,21,MEM,9,106,16.3,0.623,0,0.28,5.4,26.5,15.9,6.2,1.4,6.1,9.7,13.5,0.2,0.2,0.4,0.163,-2.8,2.9,0.1,0.1
2018,Ed Davis,PF,28,POR,23,406,15.3,0.535,0,0.442,17.1,27.7,22.5,3.3,1.3,3.4,17.6,13.4,0.5,0.8,1.3,0.158,-2.6,2,-0.6,0.1
2018,Dewayne Dedmon,C,28,ATL,20,487,18.3,0.661,0.19,0.209,9,27.2,18,9.2,0.8,3.2,17.3,18.2,0.9,0.4,1.4,0.134,0.3,0.7,1,0.4
2018,Sam Dekker,SF,23,LAC,18,185,7.7,0.413,0.46,0.127,6.5,15.9,11.1,5.7,2.1,1.4,13.1,18,-0.3,0.1,-0.1,-0.028,-4.1,-1.4,-5.5,-0.2
2018,Malcolm Delaney,PG,28,ATL,17,347,7.7,0.481,0.412,0.282,1.6,9.5,5.5,13.5,2,0.5,18,14.7,-0.2,0.1,0,-0.005,-3.2,-0.7,-3.9,-0.2
2018,Matthew Dellavedova,PG,27,MIL,13,260,7.7,0.501,0.439,0.167,3.2,9.6,6.4,22.2,0.6,0,22.9,16.3,-0.1,0.1,0,0.003,-2.7,-3.5,-6.2,-0.3
2018,Luol Deng,SF,32,LAL,1,13,5.6,0.5,0,0,0,0,0,10.1,3.6,0,33.3,9.6,0,0,0,-0.008,-7.3,-1.2,-8.5,0
2018,DeMar DeRozan,SG,28,TOR,21,720,21.7,0.566,0.155,0.41,3,11.3,7.3,22.3,1.8,0.5,11.6,30.1,1.8,0.7,2.4,0.162,2.3,-0.7,1.6,0.7
2018,Cheick Diallo,PF,21,NOP,14,109,9.3,0.563,0,0.188,8.3,24.5,16.7,4,0,0.8,16.8,16.6,0,0.1,0.1,0.041,-5.3,-2.6,-7.9,-0.2
2018,Gorgui Dieng,C,28,MIN,20,333,16.2,0.572,0.2,0.39,11.7,19.7,15.7,10.7,1.6,0.5,14,17.9,0.7,0.2,0.9,0.125,1.3,-0.8,0.5,0.2
2018,Spencer Dinwiddie,PG,24,BRK,21,549,18.2,0.538,0.491,0.301,2.8,9.8,6.2,36.1,1.4,1.3,9.3,20.4,1.5,0.3,1.8,0.155,3.7,-1.7,2,0.6
2018,Tyler Dorsey,SG,21,ATL,7,46,3.7,0.45,0.688,0.25,2.4,12.4,7.4,6.2,0,0,18.4,20.8,-0.1,0,-0.1,-0.11,-5.6,-4.7,-10.3,-0.1
2018,Damyean Dotson,SG,23,NYK,13,87,10.5,0.542,0.4,0.033,2.7,15,9.1,8.6,0,0,9,16.8,0.1,0,0.1,0.06,-1.2,-2.7,-4,0
2018,Goran Dragic,PG,31,MIA,22,715,16.4,0.552,0.318,0.267,2.5,10.9,6.7,24.3,1.2,0.2,13.2,25.1,0.9,0.6,1.5,0.103,1.1,-0.9,0.2,0.4
2018,Andre Drummond,C,24,DET,22,734,22.7,0.577,0.009,0.465,16.5,35.4,25.7,17.9,2.4,3.3,20.9,20.6,1.4,1.5,2.9,0.191,1.1,5.6,6.6,1.6
2018,Jared Dudley,PF,32,PHO,9,124,14.2,0.67,0.591,0.273,3.3,15.4,9.2,19.7,2.3,1.3,16.9,9.8,0.3,0.1,0.4,0.138,1.3,0,1.3,0.1
2018,Kris Dunn,PG,23,CHI,17,456,12.7,0.483,0.204,0.102,2.7,16.3,9.1,28.9,3.8,0.8,20.9,25,-0.8,0.6,-0.2,-0.02,-2.9,1.5,-1.4,0.1
2018,Kevin Durant,SF,29,GSW,18,619,24.1,0.644,0.338,0.273,2,17.7,10.5,21.7,1,4.9,14.9,28.4,1.7,0.8,2.5,0.196,3.5,0.9,4.4,1
2018,Henry Ellenson,PF,21,DET,8,84,10.4,0.482,0.487,0.026,1.3,30.7,15.6,9.2,1.8,0,13.2,23.7,-0.1,0.1,0,0.01,-4.5,-1.1,-5.6,-0.1
2018,Wayne Ellington,SG,30,MIA,22,429,14.7,0.628,0.894,0.113,1,9.5,5.3,8.1,1.5,0.2,5.7,16.4,0.9,0.4,1.3,0.141,3,-1.4,1.7,0.4
2018,Joel Embiid,C,23,PHI,19,564,23.3,0.567,0.168,0.464,9.4,29.7,19.7,18.6,1.2,4.8,17,34.1,0.7,1,1.7,0.143,0.3,2.7,3,0.7
2018,James Ennis,SF,27,MEM,21,537,11.3,0.625,0.37,0.31,5.4,11.5,8.4,7.4,1.2,0.9,13.7,11.3,0.8,0.4,1.2,0.104,-0.1,0.1,0,0.3
2018,Tyler Ennis,PG,23,LAL,10,56,11.4,0.434,0.211,0.211,1.9,11.1,6.5,20,3.3,1.4,12.6,17.6,0,0.1,0.1,0.054,-4.3,0.7,-3.5,0
2018,Jawun Evans,PG,21,LAC,14,176,6,0.423,0.219,0.328,0.6,10.3,5.4,14.6,2,0.5,14.1,21.1,-0.3,0.1,-0.2,-0.049,-5.4,-2.4,-7.8,-0.3
2018,Tyreke Evans,SG,28,MEM,22,638,22.1,0.587,0.321,0.271,4,16.1,10,25.9,1.8,1,11.4,27.3,1.5,0.6,2.1,0.157,4.4,-0.4,4.1,1
2018,Kenneth Faried,PF,28,DEN,19,263,19.3,0.62,0,0.444,12.9,22.3,17.5,4.1,1.1,1.7,11.8,17.9,0.7,0.2,0.9,0.168,-0.5,-2,-2.4,0
2018,Derrick Favors,PF,26,UTA,23,647,20.1,0.606,0.067,0.291,9.4,18.4,13.8,11.4,1.5,3.1,12.8,20.2,1.4,0.9,2.4,0.175,1,2,3,0.8
2018,Kay Felder,PG,22,CHI,12,126,2.8,0.378,0.27,0.159,0.8,8.9,4.6,26.3,0.8,0.7,18.2,28.8,-0.5,0,-0.5,-0.194,-8.4,-4.1,-12.5,-0.3
2018,Cristiano Felicio,C,25,CHI,19,294,10,0.618,0,0.315,8.3,13.4,10.7,6.9,0.7,1.2,19.6,11.4,0.3,0.1,0.4,0.065,-3.3,-0.3,-3.6,-0.1
2018,Raymond Felton,PG,33,OKC,21,360,14.2,0.507,0.348,0.121,1.2,10.2,5.5,22.1,2.2,0.5,7.9,18.2,0.5,0.4,0.9,0.121,-0.9,-1.4,-2.3,0
2018,Terrance Ferguson,SG,19,OKC,14,89,0.7,0.371,0.5,0.111,2.5,4,3.2,1.6,1.1,1.1,9.6,10.2,-0.1,0.1,0,-0.018,-6.1,-1.3,-7.5,-0.1
2018,Yogi Ferrell,SG,24,DAL,23,643,9.1,0.538,0.509,0.289,1.1,9.4,5.1,10.5,1.4,0.4,13.7,15.8,0.1,0.5,0.6,0.045,-1.6,-0.1,-1.8,0
2018,Dorian Finney-Smith,PF,24,DAL,8,94,5.5,0.568,0.636,0.091,5.6,6.1,5.8,8.2,0,1,23.4,14.2,0,0,0,0.003,-2.8,-1.6,-4.4,-0.1
2018,Bryn Forbes,SG,24,SAS,22,341,11.5,0.558,0.475,0.098,2,7.2,4.6,7.4,0.7,0.5,5.9,17.8,0.4,0.3,0.7,0.101,-0.1,-2.6,-2.6,-0.1
2018,Evan Fournier,SF,25,ORL,23,737,16.8,0.594,0.399,0.208,2,8.9,5.5,15.3,1.6,0.6,11.5,23,1.3,0.2,1.5,0.096,2.5,-2,0.4,0.5
2018,De'Aaron Fox,PG,20,SAC,23,600,10.9,0.455,0.134,0.206,2.4,12.5,7.2,26.2,1.7,1,16.2,23.2,-0.6,0.2,-0.4,-0.033,-3.1,-1.4,-4.5,-0.4
2018,Tim Frazier,PG,27,WAS,22,386,10.3,0.487,0.351,0.182,2.1,13.1,7.7,30.3,2.6,0.7,29,13.3,0,0.5,0.5,0.063,-2.2,1.1,-1.2,0.1
2018,Channing Frye,C,34,CLE,21,251,13.7,0.632,0.534,0.068,2.3,22.2,12.6,7.6,1.2,1.4,9.6,14.7,0.4,0.2,0.6,0.12,0.2,-1.2,-1,0.1
2018,Markelle Fultz,SG,19,PHI,4,76,3.8,0.372,0,0.444,4.2,8.1,6.2,12.8,1.2,1.1,15.7,20.8,-0.2,0.1,-0.1,-0.082,-8,-1,-9,-0.1
2018,Danilo Gallinari,SF,29,LAC,9,287,11.2,0.484,0.467,0.252,0.8,15.4,7.9,14.4,1,0.6,9.2,19.9,0.1,0.1,0.2,0.041,-1.1,-2.2,-3.3,-0.1
2018,Langston Galloway,SG,26,DET,21,291,13.8,0.564,0.679,0.11,0.8,12.9,6.7,7.6,1.4,0.9,5,18.1,0.4,0.3,0.7,0.117,1,-1.6,-0.6,0.1
2018,Marc Gasol,C,33,MEM,22,762,17.9,0.523,0.272,0.309,3.5,26.7,15,22,1,4.2,14.5,28.1,0.1,1.1,1.2,0.076,-0.8,2.2,1.4,0.7
2018,Pau Gasol,C,37,SAS,22,568,20.7,0.59,0.27,0.308,6.5,27.7,17.1,19.7,0.8,4.3,12.9,19,1.3,1.1,2.4,0.203,1.4,3.3,4.7,1
2018,Rudy Gay,SF,31,SAS,21,461,18.4,0.557,0.226,0.312,5.8,19.9,12.8,12.1,2.3,2.2,14.1,25.6,0.4,0.9,1.3,0.132,-0.6,1,0.5,0.3
2018,Paul George,SF,27,OKC,21,781,18.9,0.554,0.447,0.218,2.2,16,8.9,15.5,3.5,1.6,11.4,25.2,1.1,1.4,2.5,0.156,1.9,1.3,3.2,1
2018,Marcus Georges-Hunt,SG,23,MIN,9,15,8.5,0.5,0.25,0,7.6,0,3.9,9.6,3.3,0,20,14.6,0,0,0,0.012,-1.5,-1.4,-2.9,0
2018,Taj Gibson,PF,32,MIN,23,750,14.7,0.597,0.086,0.259,9.3,19.7,14.4,6.8,1.5,1.4,13.8,14,1.3,0.5,1.8,0.113,0.8,0.7,1.5,0.7
2018,Manu Ginobili,SG,40,SAS,19,387,10.2,0.512,0.415,0.244,1.7,10.1,5.9,17.5,1.7,1.1,18.1,21.1,-0.2,0.5,0.4,0.045,-2.3,-0.7,-2.9,-0.1
2018,Rudy Gobert,C,25,UTA,12,406,20.2,0.661,0,0.6,9.3,27,17.8,5.9,0.9,6.7,16.5,16.8,0.9,0.7,1.6,0.193,-1,3.8,2.8,0.5
2018,Aaron Gordon,PF,22,ORL,21,694,21.6,0.633,0.417,0.309,4.6,22.4,13.7,10,1.5,2.2,9.2,21.7,1.9,0.6,2.5,0.169,3.6,0,3.6,1
2018,Eric Gordon,SG,29,HOU,19,600,14.1,0.554,0.657,0.318,0.8,6.7,3.7,14,1,0.8,12.7,27.2,0.6,0.5,1.1,0.09,0.3,-2.9,-2.6,-0.1
2018,Marcin Gortat,C,33,WAS,22,656,15.1,0.576,0,0.298,8.8,23.8,16.4,8.6,0.8,2.1,13.4,14.9,1,0.9,1.8,0.135,-0.7,2.1,1.4,0.6
2018,Treveon Graham,SG,24,CHO,12,210,8.1,0.467,0.383,0.213,4.6,9.1,6.9,11.6,1.9,0,8.9,11.7,0.1,0.2,0.3,0.065,-1.5,0.6,-0.9,0.1
2018,Jerami Grant,PF,23,OKC,21,473,15.3,0.595,0.273,0.43,5.8,14,9.7,6.8,1.7,4,12.1,15.9,0.8,0.7,1.5,0.15,-1.1,1.5,0.4,0.3
2018,Jerian Grant,PG,25,CHI,21,542,14.8,0.531,0.333,0.358,2.2,10.4,6.1,31.4,1.7,0.3,13.8,17.7,0.8,0.3,1.1,0.093,-0.2,-1.8,-2,0
2018,Danny Green,SG,30,SAS,21,609,11.6,0.51,0.518,0.073,1.8,13.9,7.9,11.1,2.1,2.9,13.8,17,-0.1,1,0.9,0.072,-1.4,2.1,0.7,0.4
2018,Draymond Green,PF,27,GSW,22,696,16.2,0.581,0.465,0.341,4.5,19.6,12.7,27.5,2.2,3.2,24.7,16,1.1,1.1,2.2,0.153,1.2,2.8,4,1.1
2018,JaMychal Green,PF,27,MEM,10,251,16.1,0.638,0.269,0.192,7.8,16.3,12,7.7,0.8,0.4,10.6,17.4,0.6,0.2,0.7,0.139,1.2,-1.6,-0.4,0.1
2018,Jeff Green,PF,31,CLE,23,482,16.6,0.583,0.241,0.376,4.9,12,8.6,11.3,1.8,1.1,10.8,20.4,1,0.3,1.3,0.126,0.5,-1.4,-0.8,0.1
2018,Blake Griffin,PF,28,LAC,19,680,20.6,0.542,0.329,0.388,4,20.8,12.2,24.9,1.3,0.8,12.1,30.1,1.3,0.5,1.8,0.124,3.1,-1.1,2.1,0.7
2018,Daniel Hamilton,SG,22,OKC,1,4,-10.4,0,0,0,0,0,0,0,0,0,0,10.8,0,0,0,-0.246,-14.4,-3.1,-17.4,0
2018,Tim Hardaway,SG,25,NYK,21,716,15.6,0.534,0.479,0.237,2.8,10.8,6.9,15.1,1.7,0.7,9.3,23.5,1.1,0.5,1.6,0.107,2.6,-0.8,1.8,0.7
2018,James Harden,SG,28,HOU,21,755,30.4,0.626,0.526,0.438,1.9,14.1,8.1,49.9,2.2,1.1,15.5,35.8,4,1.1,5.1,0.323,10.5,0.8,11.3,2.6
2018,Maurice Harkless,SF,24,POR,23,539,8.3,0.482,0.33,0.209,3.7,11.5,7.7,3.7,1.6,3,12.5,11.6,-0.1,0.9,0.8,0.072,-3.2,2.6,-0.5,0.2
2018,Montrezl Harrell,C,24,LAC,15,156,21.7,0.627,0,0.333,11.9,21.8,16.7,11.9,1.3,3.9,11.3,17.3,0.5,0.2,0.6,0.186,1.2,0.8,2,0.2
2018,Devin Harris,PG,34,DAL,17,314,15.1,0.552,0.402,0.419,2.3,11.7,6.8,17.5,2.2,0.3,9.8,21.9,0.5,0.3,0.8,0.125,0.7,-0.6,0.1,0.2
2018,Gary Harris,SG,23,DEN,20,657,15.8,0.599,0.502,0.117,2.2,7,4.6,12.6,2.9,1.2,12.6,18.1,1,0.6,1.6,0.12,2.5,-0.4,2.1,0.7
2018,Joe Harris,SG,26,BRK,21,489,13.7,0.612,0.69,0.125,1.7,10.5,6,9.3,1.2,0.9,8.3,16.4,0.8,0.2,1,0.102,2.1,-1.4,0.7,0.3
2018,Tobias Harris,PF,25,DET,22,720,19.4,0.601,0.401,0.142,3.5,15.5,9.3,8.2,0.8,0.5,4.6,22.5,2.1,0.6,2.6,0.176,3.4,-1.8,1.6,0.7
2018,Andrew Harrison,PG,23,MEM,16,248,10.2,0.501,0.443,0.253,1.9,9.9,5.9,14.2,1.4,1.5,12,18.6,0,0.2,0.2,0.038,-2.2,-1.4,-3.6,-0.1
2018,Josh Hart,SG,22,LAL,17,244,9.4,0.544,0.438,0.25,3,13.2,8.2,4.4,2.3,1.3,11.6,10.3,0.1,0.3,0.5,0.089,-2.8,1.2,-1.6,0
2018,Udonis Haslem,C,37,MIA,2,9,10.8,1,0,0,0,12.2,6.2,0,0,0,0,5,0,0,0,0.127,-2.3,-2.6,-4.9,0
2018,Gordon Hayward,SF,27,BOS,1,5,7.5,0.5,0.5,0,0,21.5,11,0,0,0,0,17.8,0,0,0,0.068,-5.5,-5.6,-11.1,0
2018,John Henson,C,27,MIL,20,468,15.3,0.585,0.019,0.389,9.4,25.5,17.4,9.2,0.9,6.1,18.1,15.2,0.5,0.6,1.1,0.112,-2.3,2.4,0.2,0.3
2018,Juan Hernangomez,PF,22,DEN,11,171,9.8,0.51,0.667,0.167,7,13.9,10.4,4.8,0.9,1,6.2,12,0.2,0.1,0.3,0.082,-0.4,-1.9,-2.2,0
2018,Willy Hernangomez,C,23,NYK,13,137,13.8,0.534,0.059,0.275,12.9,20.6,16.9,11.6,1.8,4.1,22.9,23.6,-0.1,0.2,0.1,0.027,-2.8,2.2,-0.6,0
2018,Mario Hezonja,SF,22,ORL,18,178,8.9,0.512,0.462,0.077,5,15.1,10.1,8.6,1.9,0.4,18.2,16,-0.1,0.1,0,0.003,-2.7,-0.9,-3.6,-0.1
2018,Buddy Hield,SG,24,SAC,21,466,16.7,0.552,0.397,0.112,3.5,16.4,9.6,12.3,2.5,0.6,11.1,24.4,0.3,0.3,0.7,0.069,1.2,-1.7,-0.5,0.2
2018,Nene Hilario,C,35,HOU,15,215,20.4,0.697,0.03,0.597,5.8,18.6,12.3,13.1,2,2.4,17.5,20.6,0.6,0.4,1,0.223,0.1,1.8,1.9,0.2
2018,George Hill,PG,31,SAC,21,538,12.3,0.556,0.322,0.243,1.8,11.5,6.4,14.3,1.7,0.7,13.4,16.3,0.4,0.2,0.6,0.054,-0.6,-1.3,-1.9,0
2018,Darrun Hilliard,SG,24,SAS,3,26,-7.9,0.2,0.4,0,0,8.6,4.3,5.1,1.9,0,37.5,13.8,-0.1,0,-0.1,-0.205,-11.9,0.3,-11.6,-0.1
2018,Jrue Holiday,PG,27,NOP,23,836,13.4,0.525,0.327,0.157,2,10.9,6.6,22.6,1.5,0.9,14.8,20.8,0.5,0.5,1,0.059,-0.6,-0.7,-1.3,0.1
2018,Justin Holiday,SG,28,CHI,20,689,11.8,0.497,0.562,0.179,1.6,11.8,6.4,10.3,1.8,1.5,7.8,20.5,0,0.5,0.4,0.031,-0.7,-0.8,-1.5,0.1
2018,John Holland,SF,29,CLE,4,17,-1.1,0.375,0.5,0,0,12.8,6.7,0,0,0,20,13,0,0,0,-0.135,-8.9,-5,-13.9,-0.1
2018,Rondae Hollis-Jefferson,SF,23,BRK,19,509,18,0.575,0.069,0.508,4.8,16.4,10.4,11.1,1.6,2,10.8,21.1,1,0.4,1.4,0.128,-0.6,0.5,-0.1,0.2
2018,Richaun Holmes,C,24,PHI,9,109,14.8,0.593,0.161,0.323,8.7,21.6,15.3,9.4,0.4,2.3,7.8,14.6,0.3,0.1,0.4,0.167,-0.5,0.3,-0.3,0
2018,Rodney Hood,SG,25,UTA,18,509,15.5,0.556,0.479,0.189,1.1,9.8,5.3,11.2,1.3,0.7,10.9,28.6,0.3,0.5,0.8,0.073,0.7,-2.9,-2.2,0
2018,Al Horford,C,31,BOS,22,714,19.7,0.643,0.329,0.196,4.1,22.6,13.5,26,0.9,2.6,17.7,18,1.7,1.4,3.1,0.205,2.4,3.3,5.7,1.4
2018,Dwight Howard,C,32,CHO,21,611,17.8,0.57,0.005,0.816,13.7,32.2,23,7,0.9,3.3,21.9,25.6,0,0.9,0.9,0.071,-3.5,1.4,-2.1,0
2018,Josh Huestis,PF,26,OKC,17,194,3.6,0.393,0.75,0.091,3.4,12.8,7.9,4.3,1.5,4.4,16.4,12.2,-0.3,0.3,0,0.002,-5.6,1.4,-4.2,-0.1
2018,Vince Hunter,F,23,MEM,1,3,28.7,1,0,0,38.5,39,38.7,0,0,0,50,30.8,0,0,0,0.004,-4.4,-10.7,-15.1,0
2018,Serge Ibaka,PF,28,TOR,19,511,13.6,0.573,0.438,0.151,3.5,20.3,12.2,2.9,0.6,4,10.4,19,0.4,0.6,1,0.094,-0.9,0,-0.9,0.1
2018,Andre Iguodala,SF,34,GSW,20,519,11.5,0.562,0.378,0.327,4.7,10.2,7.7,13.3,1,1.8,11.1,10.4,0.9,0.4,1.3,0.12,0.7,0.1,0.8,0.4
2018,Ersan Ilyasova,PF,30,ATL,11,229,10.8,0.44,0.467,0.173,7.8,19.9,13.8,4.4,2.8,0.8,4.7,16.2,0,0.2,0.2,0.05,-2,-0.5,-2.5,0
2018,Joe Ingles,SF,30,UTA,23,684,14,0.619,0.674,0.064,0.8,15.2,7.7,20.9,2,0.5,16.9,15.3,1,0.8,1.8,0.129,1.8,0.5,2.3,0.8
2018,Brandon Ingram,SF,20,LAL,22,737,12.6,0.529,0.125,0.407,2.7,13.7,8.2,12.5,1.3,1.9,14.5,21.8,0.1,0.9,0.9,0.062,-2.8,0.5,-2.4,-0.1
2018,Kyrie Irving,PG,25,BOS,23,728,24.9,0.592,0.328,0.266,1.7,9,5.4,32.1,2.4,0.7,10.2,30.6,2.4,1.2,3.6,0.237,6.3,-0.1,6.2,1.5
2018,Jonathan Isaac,PF,20,ORL,12,239,12.2,0.543,0.279,0.23,5.1,18.9,12.1,5.8,1.6,4.8,15.2,14.3,0.1,0.2,0.3,0.062,-2.7,2,-0.7,0.1
2018,Wesley Iwundu,SF,23,ORL,6,28,2.8,0.365,0,0.273,4,15.3,9.7,15.3,1.7,0,19.6,23.7,-0.1,0,-0.1,-0.167,-9.5,-1.7,-11.3,-0.1
2018,Jarrett Jack,PG,34,NYK,19,501,9.9,0.459,0.209,0.052,1.2,12.1,6.9,30.6,1,0.2,21.4,13,0.2,0.3,0.5,0.045,-2,-0.7,-2.8,-0.1
2018,Demetrius Jackson,PG,23,HOU,11,61,-0.7,0.286,0.429,0,7.4,12.8,10.1,11,3.2,1.4,41.7,17,-0.3,0.1,-0.2,-0.154,-9.9,2.9,-7,-0.1
2018,Josh Jackson,SF,20,PHO,24,509,8,0.445,0.271,0.303,3.8,14.3,9,7.5,2.7,0.8,15.7,23.6,-1.1,0.4,-0.7,-0.066,-4.8,-1.3,-6.1,-0.5
2018,Justin Jackson,SF,22,SAC,17,310,6.8,0.485,0.434,0.094,2.5,8.2,5.2,3.5,0.5,0.6,10.5,17.9,-0.2,0,-0.3,-0.044,-3.4,-3.9,-7.3,-0.4
2018,Reggie Jackson,PG,27,DET,22,609,19.8,0.587,0.313,0.269,2.7,8.7,5.6,33.5,1.4,0.1,15.5,25.5,1.6,0.4,2.1,0.162,3.4,-2,1.4,0.5
2018,LeBron James,PF,33,CLE,23,853,31.3,0.663,0.251,0.295,3.9,19.7,12.1,43.6,1.7,2.7,16.1,30.3,4.1,0.8,4.9,0.276,9.2,1.6,10.8,2.8
2018,Mike James,PG,27,PHO,24,546,14,0.469,0.319,0.266,2,12,6.9,28,1.8,0.9,12.6,23.8,0.1,0.2,0.3,0.025,-0.4,-2.1,-2.5,-0.1
2018,Al Jefferson,C,33,IND,10,139,21.6,0.578,0.018,0.211,8.9,28.6,18.9,12.3,1.7,4.2,11.4,22.1,0.3,0.2,0.5,0.169,-0.6,1.8,1.2,0.1
2018,Richard Jefferson,SF,37,DEN,7,54,5.7,0.387,0.333,0.417,0,6.3,3.1,17.3,0,0,0,11.2,0,0,0,0.023,-3.9,-4.5,-8.4,-0.1
2018,Jonas Jerebko,PF,30,UTA,18,292,16.5,0.656,0.488,0.119,6.8,20,13.2,8.7,0.9,0.9,6.4,14.6,0.8,0.3,1.2,0.192,2.4,-0.5,1.9,0.3
2018,Amir Johnson,C,30,PHI,20,308,15.6,0.508,0.127,0.304,15.1,23.9,19.6,12,2.1,4.1,15.2,14.2,0.4,0.6,0.9,0.144,-0.7,4,3.3,0.4
2018,Brice Johnson,PF,23,LAC,7,28,19.5,0.676,0.125,0.25,3.9,32.4,17.8,5.9,7.1,3.1,25.3,18.5,0,0.1,0.1,0.16,-2.5,4.8,2.4,0
2018,Dakari Johnson,C,22,OKC,11,76,14.8,0.514,0,0.571,11.5,7.8,9.7,10,2,5,7.1,16.1,0.1,0.1,0.3,0.16,-1.6,1.7,0.1,0
2018,James Johnson,PF,30,MIA,21,578,16,0.59,0.322,0.328,3.7,17.1,10.4,25.2,1.9,2.1,21.1,19.9,0.6,0.8,1.4,0.118,0.1,2.4,2.4,0.6
2018,Joe Johnson,SF,36,UTA,7,134,8.1,0.448,0.37,0.152,3.3,13.3,8.1,12.7,1.5,1.3,16.9,19.9,-0.2,0.1,-0.1,-0.018,-4.6,-0.3,-4.9,-0.1
2018,Stanley Johnson,SF,21,DET,19,563,7,0.48,0.507,0.162,1.2,11.2,6.1,5.8,2,0.8,11.6,13.4,-0.2,0.6,0.4,0.033,-2.3,1.1,-1.3,0.1
2018,Tyler Johnson,PG,25,MIA,21,569,9.8,0.49,0.489,0.21,1.8,11,6.4,11.6,1.1,2.4,11.3,18,-0.1,0.6,0.5,0.044,-2.4,0.7,-1.7,0.1
2018,Wesley Johnson,SF,30,LAC,21,530,11.7,0.574,0.489,0.176,2.1,13.9,7.9,6.2,2.1,3.5,12.4,13.2,0.4,0.5,0.9,0.079,-0.5,1.2,0.7,0.4
2018,Nikola Jokic,C,22,DEN,21,618,24.7,0.609,0.286,0.245,9.7,30.7,20,24.9,2.3,1.8,14.7,21.7,2,0.9,2.9,0.228,4.6,2.6,7.2,1.4
2018,Derrick Jones,SF,20,PHO,6,33,18.4,0.678,0.5,1.5,6.2,6.4,6.3,11.9,1.4,9.4,13.1,9.5,0.1,0,0.1,0.174,0.8,3.1,3.8,0
2018,Jalen Jones,SF,24,NOP,3,10,14.5,0.644,0.333,0.667,0,21.3,11,0,0,0,0,16.9,0,0,0,0.182,-2.8,-7,-9.8,0
2018,Tyus Jones,PG,21,MIN,23,412,12.8,0.524,0.392,0.253,1.7,10.8,6.2,22.5,3,0.4,14.6,10.9,0.5,0.3,0.9,0.1,0.3,-0.1,0.2,0.2
2018,DeAndre Jordan,C,29,LAC,21,677,18.4,0.671,0,0.429,15.8,32.6,24,4.3,0.8,3,19.8,12.7,1.5,0.7,2.2,0.158,0.1,0.6,0.7,0.5
2018,Cory Joseph,PG,26,IND,23,561,11.7,0.524,0.365,0.173,1,10.8,6,16.3,2.2,0.9,13.4,15.1,0.4,0.4,0.8,0.069,-0.6,0,-0.6,0.2
2018,Frank Kaminsky,PF,24,CHO,20,484,12.8,0.529,0.378,0.229,2.2,14.7,8.5,10.1,0.6,0.7,8.4,20.3,0.4,0.3,0.7,0.072,-0.8,-1.1,-1.9,0
2018,Enes Kanter,C,25,NYK,18,470,25.3,0.68,0.006,0.244,17.3,27.2,22.5,8.5,1.3,1.8,14.3,20.1,1.7,0.6,2.4,0.241,4.2,0.9,5.1,0.8
2018,Luke Kennard,SG,21,DET,17,281,10.9,0.546,0.427,0.135,0.8,10.8,5.7,11,2.1,0.3,15.7,18.8,0,0.3,0.3,0.049,-1.9,-0.6,-2.5,0
2018,Michael Kidd-Gilchrist,SF,24,CHO,15,388,12.5,0.515,0.008,0.21,4.1,12.9,8.5,4.5,1.1,2.6,3.7,15.1,0.4,0.4,0.7,0.091,-2.6,1.1,-1.5,0.1
2018,Sean Kilpatrick,SG,28,BRK,15,178,5.8,0.423,0.482,0.224,0.6,20.5,10.2,12.4,0.5,0.4,14.6,25.5,-0.4,0.1,-0.4,-0.098,-6.3,-2.9,-9.2,-0.3
2018,Maxi Kleber,PF,26,DAL,17,251,11.8,0.58,0.371,0.194,7.5,14.6,10.9,3.8,0.8,1.1,9.4,13.3,0.3,0.2,0.5,0.1,-1.5,-0.5,-2,0
2018,Furkan Korkmaz,SG,20,PHI,5,12,8.1,0.291,0.667,0.333,8.8,17,13,11.1,3.9,0,0,23.7,0,0,0,-0.014,-3.2,-0.9,-4.1,0
2018,Kyle Korver,SG,36,CLE,23,508,15.6,0.68,0.811,0.183,0.7,10.3,5.7,5.8,1,1.9,8.3,16.8,1.3,0.2,1.4,0.136,3.6,-2.4,1.2,0.4
2018,Kosta Koufos,C,28,SAC,23,424,14.1,0.532,0,0.384,9.6,26.3,17.5,8.8,1.4,3.2,13,12.3,0.4,0.4,0.8,0.09,-2.4,1.6,-0.8,0.1
2018,Kyle Kuzma,PF,22,LAL,21,652,15.1,0.589,0.338,0.216,5,16.1,10.6,8.2,0.6,0.2,12.5,21.5,0.8,0.6,1.4,0.105,0.1,-1.8,-1.6,0.1
2018,Mindaugas Kuzminskas,SF,28,NYK,1,2,-41.8,0,0,0,0,0,0,0,0,0,0,43.6,0,0,0,-1.029,-36.4,-12,-48.4,0
2018,Skal Labissiere,PF,21,SAC,23,393,13.8,0.501,0.057,0.253,8.4,19.4,13.6,6.8,1.2,3.6,12.5,23,0,0.3,0.2,0.027,-3.8,-1,-4.8,-0.3
2018,Jeremy Lamb,SG,25,CHO,21,603,18.4,0.565,0.31,0.291,1.4,17.6,9.6,20.4,1.5,1.4,11.2,23.8,1,0.7,1.7,0.135,1.7,0.8,2.4,0.7
2018,Shane Larkin,PG,25,BOS,17,163,5.2,0.367,0.385,0.231,0.7,7.9,4.4,17.6,1.5,0,6.5,16.7,-0.2,0.2,0.1,0.022,-4.8,-1.1,-5.9,-0.2
2018,Joffrey Lauvergne,C,26,SAS,11,112,8.8,0.4,0.088,0.235,13,23.9,18.4,11.9,0.9,0,15.7,17.8,-0.1,0.2,0.1,0.026,-4.7,-0.1,-4.9,-0.1
2018,Jake Layman,SF,23,POR,10,48,10.3,0.438,0.375,0,0,11.2,5.7,6.3,3.1,3.3,0,14.5,0,0.1,0.1,0.098,-3.3,2.3,-1,0
2018,T.J. Leaf,PF,20,IND,19,204,12.1,0.574,0.328,0.109,7.2,11.4,9.3,3.5,0.9,0.8,8.2,15.6,0.3,0.1,0.4,0.085,-0.2,-2.6,-2.8,0
2018,Courtney Lee,SG,32,NYK,21,686,15.3,0.604,0.371,0.188,1.9,10.9,6.6,13.3,2.2,0.4,10.3,15.5,1.4,0.6,2,0.138,2.5,0.7,3.3,0.9
2018,Alex Len,C,24,PHO,20,460,17.8,0.572,0,0.692,14.8,27.8,21.2,5.3,0.6,3,14.2,16.3,0.9,0.3,1.3,0.132,-1.1,-0.5,-1.7,0
2018,Meyers Leonard,PF,25,POR,8,87,21.3,0.696,0.364,0.152,3.8,24.6,14.4,8.3,1.1,0,5.4,18.6,0.3,0.1,0.5,0.261,3,-1.1,1.9,0.1
2018,Jon Leuer,PF,28,DET,8,136,8.8,0.505,0.083,0.417,5.7,21.5,13.4,5.1,0.4,1.9,15.8,16.3,0,0.1,0.1,0.046,-5.3,-0.2,-5.5,-0.1
2018,Caris LeVert,SF,23,BRK,22,568,10.6,0.479,0.364,0.243,2.1,13.6,7.7,18.5,2.3,1.1,16.8,20.8,-0.5,0.5,0,-0.001,-2.5,0.4,-2.1,0
2018,DeAndre Liggins,SG,29,MIL,18,285,5,0.447,0.596,0.106,0.8,8.4,4.6,6.5,2.6,2.5,18.3,9.7,-0.3,0.3,0,0.003,-3.7,0.8,-2.9,-0.1
2018,Damian Lillard,PG,27,POR,23,844,23.8,0.568,0.403,0.382,3.3,11.6,7.5,30.1,1.3,1.1,11.6,30.1,2.6,1.2,3.8,0.217,6.2,-0.2,6,1.7
2018,Jeremy Lin,PG,29,BRK,1,25,16.3,0.597,0.167,0.583,0,0,0,25.9,0,0,16.6,30,0.1,0,0,0.093,-2.6,-10.1,-12.7,-0.1
2018,Shaun Livingston,PG,32,GSW,21,328,11.1,0.525,0.011,0.152,5.2,8.4,6.9,16.9,1.3,1.4,15.5,15.2,0.3,0.3,0.6,0.086,-1.9,-0.9,-2.8,-0.1
2018,Kevon Looney,C,21,GSW,16,178,12.4,0.522,0,0.45,11.6,17.1,14.6,5.6,1.9,6.7,17.3,14,0.1,0.3,0.4,0.109,-2.7,3.1,0.4,0.1
2018,Brook Lopez,C,29,LAL,22,512,17.2,0.536,0.347,0.227,5.6,14.6,10.1,12.3,0.8,5.8,11,25.2,0.4,0.7,1.2,0.11,-0.5,1,0.4,0.3
2018,Robin Lopez,C,29,CHI,21,629,14.7,0.534,0.029,0.153,9.5,10.4,9.9,12.8,0.5,2.1,13.1,20.8,0.4,0.2,0.7,0.051,-1.4,-0.6,-2,0
2018,Kevin Love,C,29,CLE,23,681,23.8,0.617,0.385,0.446,10.7,28,19.7,10.3,1.2,1.3,11.9,26.1,2.3,0.6,3,0.21,3.4,-1.5,1.8,0.7
2018,Kyle Lowry,PG,31,TOR,21,686,20,0.625,0.617,0.258,2.3,19.4,11.1,30.7,1.2,0.4,16.4,21.2,2.1,0.7,2.8,0.199,5.6,0.2,5.8,1.4
2018,Timothe Luwawu-Cabarrot,SF,22,PHI,21,342,9.3,0.546,0.582,0.287,2.2,8.7,5.5,7.6,1.1,0.2,12.1,18.9,0.2,0.3,0.4,0.062,-0.9,-2.3,-3.3,-0.1
2018,Tyler Lydon,PF,21,DEN,1,2,0,,,,0,0,0,0,0,0,,0,0,0,0,-0.009,-5.4,-0.6,-5.9,0
2018,Trey Lyles,PF,22,DEN,17,191,17.5,0.625,0.385,0.246,5.7,19.5,12.5,5.6,1,2.7,12.2,18.4,0.4,0.2,0.5,0.138,-0.1,-1.6,-1.7,0
2018,Shelvin Mack,PG,27,ORL,18,323,12.6,0.468,0.299,0.221,1.7,10.3,6.1,34.3,1.6,0.5,16.8,13.6,0.4,0.1,0.5,0.071,-1.6,-2.2,-3.7,-0.1
2018,Josh Magette,PG,28,ATL,8,64,12.6,0.472,0.333,0.333,1.8,8.9,5.3,35.3,1.5,0,12.7,10.8,0.1,0,0.1,0.107,-1.8,-3.7,-5.4,-0.1
2018,Ian Mahinmi,C,31,WAS,22,315,8.2,0.52,0,0.536,14,15,14.5,5.2,1.3,2.7,26.5,13.1,0,0.4,0.4,0.066,-2.8,1.9,-0.8,0.1
2018,Thon Maker,C,20,MIL,21,397,9.3,0.49,0.385,0.253,6.3,15.6,10.9,5.3,1.9,3.4,12.9,13.5,0,0.4,0.4,0.052,-2.7,0.5,-2.2,0
2018,Boban Marjanovic,C,29,DET,5,30,22.8,0.641,0,0.8,18.5,11.7,15.2,6.3,3.3,2.8,25.7,39.9,0,0,0.1,0.093,-2.2,-1.2,-3.4,0
2018,Lauri Markkanen,PF,20,CHI,21,640,14.2,0.524,0.547,0.206,3.5,25.9,14.1,7.7,0.9,1.6,8.8,21.9,0.2,0.5,0.7,0.054,-1.2,-1.3,-2.5,-0.1
2018,Jarell Martin,PF,23,MEM,21,379,7,0.447,0.313,0.188,6.4,15.7,11,4,1.6,3.9,15.5,15,-0.4,0.5,0.1,0.008,-5,1.3,-3.7,-0.2
2018,Frank Mason,PG,23,SAC,16,280,13.8,0.53,0.216,0.314,2.7,8.7,5.6,29.8,0.7,0,17.1,22.5,0.2,0,0.2,0.031,-0.8,-4.3,-5.1,-0.2
2018,Mangok Mathiang,C,25,CHO,1,3,-9.7,0,0,0,35.7,35.4,35.6,0,0,0,0,28.9,0,0,0,-0.476,-22.5,-12.1,-34.6,0
2018,Wesley Matthews,SG,31,DAL,23,793,9.9,0.526,0.59,0.142,1.2,8.9,4.9,13.1,1.7,0.4,12.4,16.4,0.2,0.6,0.8,0.048,-0.5,0.1,-0.4,0.3
2018,Luc Mbah a Moute,PF,31,HOU,19,504,10.8,0.615,0.505,0.225,2.2,12.4,7.3,5.4,2.7,1.7,18.1,12.8,0.3,0.8,1.1,0.101,-1.2,2.5,1.4,0.4
2018,James Michael McAdoo,PF,25,PHI,1,7,6.3,0.512,1,0.5,0,0,0,0,0,0,17,34.7,0,0,0,-0.068,-2.9,-9.6,-12.5,0
2018,Patrick McCaw,SG,22,GSW,21,281,11.9,0.61,0.446,0.108,2.2,4.7,3.5,12.9,2,1.1,11.7,11.8,0.4,0.2,0.7,0.117,0.6,-1.4,-0.8,0.1
2018,C.J. McCollum,SG,26,POR,22,801,16.7,0.554,0.332,0.168,1.9,10.8,6.5,12.8,1.4,0.8,9.7,25.1,1.2,1.1,2.2,0.134,1.5,-0.5,1,0.6
2018,T.J. McConnell,PG,25,PHI,20,487,13.9,0.581,0.138,0.103,2.6,12.4,7.6,30.9,2.3,0.7,24.3,13.6,0.6,0.6,1.2,0.117,-0.9,0.7,-0.2,0.2
2018,Chris McCullough,PF,22,WAS,5,36,18.1,0.571,0.214,0.429,6.3,15.2,10.8,4.5,0,4.7,0,20.3,0.1,0,0.1,0.192,0.1,-1.4,-1.3,0
2018,Doug McDermott,SF,26,NYK,21,480,10.9,0.584,0.412,0.103,4.2,10.2,7.3,6.3,0.3,1.2,9.5,14.3,0.6,0.2,0.8,0.084,0.6,-1,-0.3,0.2
2018,JaVale McGee,C,30,GSW,20,156,18.9,0.576,0.038,0.308,10.1,16.9,13.8,10.4,2.4,6.6,13.2,18.7,0.3,0.3,0.6,0.176,-0.8,2.9,2.1,0.2
2018,Alfonzo McKinnie,SF,25,TOR,7,25,14.2,0.751,0.5,0.5,0,22.4,11.6,5.7,0,3.3,12,14.7,0.1,0,0.1,0.178,0.7,-0.6,0.1,0
2018,Ben McLemore,SG,24,MEM,11,218,8.1,0.5,0.4,0.12,3.2,9.7,6.4,9.1,1.4,1.7,14.1,19.5,-0.1,0.2,0,0.004,-3,-1.2,-4.2,-0.1
2018,Jodie Meeks,SG,30,WAS,22,376,12.7,0.557,0.533,0.385,0.9,6.4,3.7,3.9,1.7,0,6,19.6,0.5,0.3,0.8,0.108,0.5,-2.5,-1.9,0
2018,Salah Mejri,C,31,DAL,19,235,19,0.65,0.056,0.639,12.5,27.7,19.8,5.8,1.5,11.1,17.8,10.7,0.5,0.5,1,0.201,-2.3,7.4,5.1,0.4
2018,Jordan Mickey,PF,23,MIA,4,37,14.5,0.568,0.091,0.273,12.1,38.6,25.4,0,0,4.4,19.6,18.5,0,0.1,0.1,0.087,-8.8,-3.9,-12.8,-0.1
2018,Khris Middleton,SF,26,MIL,21,768,16.2,0.556,0.324,0.226,2,15.7,8.8,19.1,1.8,0.1,12.8,25.4,0.8,0.6,1.4,0.086,1,-1.9,-0.9,0.2
2018,C.J. Miles,SF,30,TOR,18,342,15.4,0.585,0.777,0.142,1.8,10.5,6.3,5.1,1.6,2.2,6.5,21.7,0.6,0.3,0.9,0.132,3.2,-1.7,1.5,0.3
2018,Darius Miller,SF,27,NOP,23,429,13,0.7,0.788,0.136,0.8,8.2,4.6,8.2,0.9,0.4,9.4,14,0.9,0.2,1.1,0.121,2.5,-2.5,0,0.2
2018,Patty Mills,PG,29,SAS,22,575,11.7,0.505,0.588,0.123,1.2,8.2,4.7,20.7,1.8,0.7,12.4,17.5,0.4,0.7,1.1,0.089,0,-0.9,-0.9,0.2
2018,Paul Millsap,PF,32,DEN,16,475,17.6,0.531,0.287,0.322,5.5,17.8,11.6,15.9,1.8,3.7,12.5,23.7,0.6,0.5,1.1,0.111,0.2,0.9,1.2,0.4
2018,Donovan Mitchell,SG,21,UTA,23,667,14.9,0.512,0.422,0.179,2.3,10.4,6.2,19.5,2.3,1.5,12.4,28.4,0,0.8,0.8,0.061,0.1,-0.6,-0.4,0.3
2018,Malik Monk,SG,19,CHO,19,335,8.6,0.458,0.574,0.108,0.6,8.6,4.6,17.1,0.7,0.8,9.9,22.3,-0.2,0.2,0,-0.004,-1.8,-2.5,-4.3,-0.2
2018,Greg Monroe,C,27,TOT,13,249,18.1,0.571,0,0.141,11.4,24.4,17.8,15.4,0.9,0.9,16.6,21.6,0.3,0.2,0.5,0.088,-0.8,-1.1,-1.9,0
2018,E'Twaun Moore,SG,28,NOP,23,707,12.4,0.605,0.39,0.078,2.6,5.7,4.2,9.7,1.6,0.5,10,15.4,0.9,0.3,1.3,0.086,0.9,-1.2,-0.3,0.3
2018,Eric Moreland,PF,26,DET,19,193,9.5,0.485,0,0.316,11.5,22.5,16.8,9.9,1,5.8,31.6,7.2,0.1,0.3,0.4,0.098,-3.4,5.1,1.7,0.2
2018,Marcus Morris,SF,28,BOS,14,338,16.8,0.548,0.347,0.3,2,22.9,12.7,10.1,1.3,1,8.1,24.3,0.4,0.6,1,0.149,-0.9,0.1,-0.7,0.1
2018,Markieff Morris,PF,28,WAS,15,344,11.5,0.522,0.321,0.095,4.6,17.2,11,8.7,1.1,1.7,13.4,21,0,0.4,0.4,0.054,-1.8,-0.1,-1.9,0
2018,Timofey Mozgov,C,31,BRK,16,242,11.7,0.617,0.254,0.254,10,20.8,15.3,1.8,0.6,2.6,24.2,14.8,0.1,0.2,0.2,0.046,-3.6,-0.9,-4.6,-0.2
2018,Emmanuel Mudiay,PG,21,DEN,22,482,12.1,0.508,0.306,0.321,2.9,12,7.4,22.4,1.2,0.5,18.2,23.9,0,0.3,0.3,0.031,-1.9,-2.3,-4.2,-0.3
2018,Shabazz Muhammad,SF,25,MIN,22,250,9,0.44,0.209,0.198,5.5,12.2,8.8,4.1,1,0.7,2.9,17.8,0,0.1,0.1,0.019,-3.2,-3.2,-6.3,-0.3
2018,Dejounte Murray,PG,21,SAS,22,422,12.8,0.477,0.058,0.319,6.6,19.1,12.8,19.4,2.2,1,18.6,20.5,-0.2,0.7,0.6,0.064,-3.3,1.8,-1.5,0.1
2018,Jamal Murray,PG,20,DEN,22,599,13.3,0.524,0.381,0.215,4.9,7.4,6.1,14,1.3,0.6,13.7,24.5,0.4,0.3,0.7,0.055,0,-2.9,-3,-0.1
2018,Mike Muscala,C,26,ATL,9,202,10.7,0.524,0.373,0.235,6.1,16.4,11.2,6.3,1.7,2.3,12.4,14,0.1,0.1,0.3,0.061,-1.9,0.4,-1.5,0
2018,Abdel Nader,SF,24,BOS,11,77,2.9,0.421,0.368,0,2.9,9.8,6.4,5.7,1.3,2.2,24,14.4,-0.2,0.1,-0.1,-0.035,-7,1.4,-5.6,-0.1
2018,Larry Nance,PF,25,LAL,11,261,17.4,0.615,0.029,0.314,10.1,21.1,15.7,6.7,3.4,2.1,16.7,15.2,0.4,0.5,0.9,0.166,-1,3.1,2.1,0.3
2018,Shabazz Napier,PG,26,POR,19,317,18.2,0.6,0.33,0.34,1.7,10.8,6.3,14.5,3.3,0.5,9.9,18,0.7,0.6,1.3,0.199,1.5,1.2,2.6,0.4
2018,Jameer Nelson,PG,35,NOP,21,525,10.7,0.579,0.509,0.136,1.3,10,5.8,22.3,1.6,0.5,22.6,12.5,0.4,0.3,0.8,0.069,-1.1,-0.9,-2,0
2018,Raul Neto,PG,25,UTA,14,196,12.8,0.56,0.322,0.169,1.1,9.7,5.3,21.6,1.5,0.9,15.9,17.4,0.2,0.2,0.4,0.091,-1.4,-1.2,-2.6,0
2018,Joakim Noah,C,32,NYK,1,3,40.4,1,0,0,0,36.2,18.8,0,0,31.3,0,14.5,0,0,0,0.412,1.2,11.8,13,0
2018,Nerlens Noel,C,23,DAL,18,225,15.6,0.587,0,0.358,12.1,23.9,17.7,4.2,2.2,4.1,19.6,15.2,0.2,0.4,0.6,0.131,-3.5,2.9,-0.6,0.1
2018,Lucas Nogueira,C,25,TOR,17,204,17.1,0.648,0.213,0.191,5.3,20.3,13,4.1,2.6,8,15,13,0.3,0.4,0.7,0.168,-0.7,5.3,4.6,0.3
2018,Dirk Nowitzki,C,39,DAL,23,572,15.5,0.567,0.373,0.111,2,24.2,12.6,12.3,1,1.1,8.4,19.5,0.7,0.6,1.3,0.11,-0.4,0.5,0.1,0.3
2018,Frank Ntilikina,PG,19,NYK,18,342,6.5,0.404,0.323,0.141,2.1,8.2,5.3,23.9,3.6,0.8,25.5,18,-0.7,0.4,-0.2,-0.034,-4,1.1,-3,-0.1
2018,Jusuf Nurkic,C,23,POR,23,644,15,0.49,0.016,0.307,7.2,22.5,14.9,13,1.4,3.4,16.7,28.8,-0.7,1.3,0.5,0.041,-4.8,2.2,-2.6,-0.1
2018,David Nwaba,SG,25,CHI,9,191,15.9,0.595,0.133,0.444,2.6,28.3,14.8,10.8,1.6,2.8,8.5,13.5,0.3,0.2,0.5,0.134,-2.9,1.9,-0.9,0.1
2018,Johnny O'Bryant,PF,24,CHO,8,75,19.7,0.56,0.206,0.235,8.6,15.6,12.1,7,1.3,2.3,7.4,23.4,0.2,0.1,0.2,0.151,-0.1,-1,-1.1,0
2018,Royce O'Neale,SF,24,UTA,14,128,9.2,0.436,0.469,0.25,1.7,19.5,10.3,13.5,2.7,0,10.1,14,0,0.2,0.2,0.06,-3.2,1,-2.3,0
2018,Kyle O'Quinn,C,27,NYK,21,352,18.2,0.596,0.031,0.34,11.4,31.4,21.8,18.8,1.4,5.6,24.9,18.4,0.4,0.6,1,0.143,-0.6,5.2,4.6,0.6
2018,Semi Ojeleye,PF,23,BOS,23,318,5.8,0.492,0.797,0.271,3.9,11.8,8,1.8,1.3,0,9.6,10.2,0,0.5,0.5,0.071,-2.5,0,-2.5,0
2018,Jahlil Okafor,C,22,PHI,2,25,9,0.465,0,0.444,16.9,20.4,18.7,5.9,0,6.8,21.8,22.7,0,0,0,-0.001,-6.8,0.9,-5.9,0
2018,Victor Oladipo,SG,25,IND,22,734,22.6,0.586,0.308,0.287,2.2,14.6,8.4,19.4,2.7,2.8,13.9,30.3,1.2,0.9,2.1,0.138,3.1,0.6,3.7,1.1
2018,Kelly Olynyk,PF,26,MIA,22,431,16.3,0.659,0.422,0.319,5.4,24,14.8,14.9,1.4,1.9,22.6,20.7,0.5,0.6,1.2,0.131,0.1,1.8,1.9,0.4
2018,Cedi Osman,SF,22,CLE,15,80,11.1,0.609,0.389,0.111,4.4,24.6,14.9,5.2,1.2,1.1,13.7,12.1,0.1,0.1,0.2,0.093,-2.1,-1.1,-3.3,0
2018,Kelly Oubre,SF,22,WAS,22,613,13.3,0.551,0.442,0.284,3.9,18.1,11.1,5.6,1.5,1.4,9.3,18.4,0.7,0.8,1.4,0.112,0,0.2,0.2,0.3
2018,Zaza Pachulia,C,33,GSW,23,336,15.5,0.6,0,0.302,9.4,26.3,18.6,14.2,2.7,1.4,24.1,16.4,0.4,0.6,1,0.14,-1.3,2.3,1,0.3
2018,Marcus Paige,PG,24,CHO,1,3,-19.5,0,0,0,0,70.9,35.6,0,0,0,0,28.9,0,0,0,-0.608,-33.9,-10.4,-44.2,0
2018,Georgios Papagiannis,C,20,SAC,4,25,20.1,0.714,0,0,4.4,19.4,11.5,6.9,2,3.8,12.5,14.4,0.1,0,0.1,0.145,-0.7,0.6,-0.2,0
2018,Tony Parker,PG,35,SAS,3,48,16.5,0.51,0.05,0.4,2.3,4.7,3.5,44.7,0,0,14.5,25.7,0.1,0,0.1,0.11,-1,-5.8,-6.8,-0.1
2018,Chandler Parsons,SF,29,MEM,18,362,16.1,0.644,0.517,0.129,2.2,13.2,7.7,16.2,1.3,1,12.2,17.8,0.7,0.3,1,0.129,2.2,-1.2,1,0.3
2018,Patrick Patterson,PF,28,OKC,21,288,6,0.492,0.745,0.039,1.5,12.3,6.7,4.8,2.1,1,13.4,9,0,0.4,0.3,0.058,-3.6,0.6,-3,-0.1
2018,Brandon Paul,SG,26,SAS,22,248,11,0.619,0.556,0.278,0.9,10.4,5.6,11.2,2.9,0.7,19.8,13.7,0.1,0.4,0.5,0.103,-1,0.7,-0.3,0.1
2018,Chris Paul,PG,32,HOU,7,197,24,0.551,0.508,0.2,2.9,14.1,8.5,54.3,3.2,0.9,11.3,17.5,1,0.3,1.3,0.313,4.8,0.1,4.9,0.3
2018,Elfrid Payton,PG,23,ORL,14,370,17.6,0.534,0.155,0.233,5.1,10.4,7.8,39,3,1,21.5,21.2,0.4,0.3,0.7,0.086,0.8,-0.1,0.7,0.3
2018,Gary Payton,PG,25,MIL,7,45,4.9,0.433,0.4,0,2.6,13.3,7.9,13.2,1.1,0,11.8,17.4,0,0,0,-0.026,-4.3,-3.4,-7.7,-0.1
2018,Alec Peters,PF,22,PHO,2,14,7.8,0.375,1,0,0,22.7,11.1,0,0,11.1,0,11.7,0,0,0,0.006,-6.5,0,-6.5,0
2018,Mason Plumlee,C,27,DEN,22,384,15.3,0.526,0.01,0.614,9.7,19.1,14.3,14.1,2,4.3,19,17.6,0.2,0.5,0.7,0.086,-2.1,2.5,0.4,0.2
2018,Miles Plumlee,C,29,ATL,3,32,8.9,1,0,0,3.5,25,14.1,8.7,0,8.7,57.1,9.6,0,0,0,0.007,-5.8,3.9,-1.9,0
2018,Jakob Poeltl,C,22,TOR,21,323,21.2,0.676,0,0.319,15.6,17,16.3,3.8,1.4,5.3,14.4,17.1,0.9,0.5,1.4,0.204,2,1.7,3.7,0.5
2018,Quincy Pondexter,SF,29,CHI,14,154,5.7,0.435,0.452,0.405,4.6,8.8,6.6,5.8,2.3,1.1,15.4,16.7,-0.2,0.1,-0.1,-0.03,-5.3,-0.8,-6.1,-0.2
2018,Otto Porter,SF,24,WAS,21,690,19.9,0.616,0.331,0.132,4.1,19.3,11.8,8.4,2.6,1.2,5.9,18.4,1.7,1.1,2.8,0.197,3.3,1.7,5,1.2
2018,Bobby Portis,PF,22,CHI,12,264,19.1,0.55,0.308,0.242,8.8,25.2,16.5,14.6,0.6,1.7,11.9,25.1,0.3,0.2,0.5,0.088,0.1,-1.1,-1,0.1
2018,Kristaps Porzingis,PF,22,NYK,19,598,24.5,0.578,0.254,0.361,4.5,19.2,12.2,6.4,0.7,6.3,9.6,34.2,1.4,0.8,2.2,0.173,1.3,-0.6,0.7,0.4
2018,Dwight Powell,C,26,DAL,22,382,15.5,0.543,0.343,0.276,8.2,22.7,15.2,8.8,2.5,2.4,12,15.7,0.4,0.6,1,0.125,-1.2,2.8,1.6,0.3
2018,Norman Powell,SG,24,TOR,17,381,13.4,0.553,0.471,0.191,1.3,9.4,5.5,12.7,2.4,1.5,13,19.6,0.3,0.4,0.7,0.092,0.6,0.2,0.8,0.3
2018,Alex Poythress,PF,24,IND,7,20,10.2,1,0.667,0,0,22.1,11.2,0,0,0,25,8.7,0,0,0,0.079,-1.7,-5,-6.7,0
2018,Jacob Pullen,PG,28,PHI,2,2,-19.8,0,1,0,0,0,0,0,0,0,0,20.7,0,0,0,-0.477,-15.1,-6.8,-21.8,0
2018,Zhou Qi,C,22,HOU,11,58,3.3,0.331,0.55,0.3,3.9,17.3,10.6,2.3,1.7,8.7,15,19.9,-0.2,0.1,-0.1,-0.067,-10,2.8,-7.1,-0.1
2018,Ivan Rabb,PF,20,MEM,1,1,0,,,,0,0,0,0,0,0,,0,0,0,0,-0.005,-6.2,0,-6.2,0
2018,Julius Randle,C,23,LAL,22,488,17.6,0.606,0.106,0.489,6.1,24.7,15.5,12.8,0.9,2.9,18,23.7,0.5,0.8,1.3,0.125,-1.7,1,-0.7,0.2
2018,Zach Randolph,PF,36,SAC,21,522,19.1,0.545,0.16,0.164,7.2,23,14.7,15.3,1.6,0.7,12.4,26.4,0.4,0.3,0.8,0.071,0.5,-1.2,-0.8,0.2
2018,J.J. Redick,SG,33,PHI,20,665,13.3,0.561,0.473,0.171,0.8,8.1,4.5,16.9,0.9,0.3,8.6,18.8,1.2,0.4,1.6,0.116,1.4,-1.9,-0.5,0.3
2018,Willie Reed,C,27,LAC,20,217,21.6,0.699,0.016,0.547,9,23.5,16.1,3.9,0.9,3.2,10.2,17.8,0.7,0.2,0.9,0.208,0.6,-1.7,-1,0.1
2018,Josh Richardson,SF,24,MIA,22,715,7.1,0.492,0.529,0.118,2,8,5,9.1,1.9,1.8,18.6,16.5,-0.8,0.8,0,0,-3.1,1.5,-1.5,0.1
2018,Malachi Richardson,SG,22,SAC,12,140,9,0.492,0.429,0.31,1.6,7.8,4.5,6.4,2.2,0,5.9,16.3,0,0,0.1,0.03,-1.9,-2.8,-4.7,-0.1
2018,Austin Rivers,SG,25,LAC,21,701,10.8,0.487,0.419,0.189,1.9,5,3.4,15.6,2.3,0.5,11.5,20.5,0.1,0.3,0.4,0.025,-0.5,-2.2,-2.6,-0.1
2018,Andre Roberson,SF,26,OKC,21,520,9.4,0.536,0.345,0.138,7.8,11.3,9.5,6.3,1.4,2.9,19.3,9.5,0.2,0.7,0.9,0.08,-2.4,2,-0.4,0.2
2018,Rajon Rondo,PG,31,NOP,10,233,13.5,0.492,0.297,0,1.9,13.7,8,41,1.2,0.7,21,15.1,0.3,0.2,0.4,0.088,-1.6,-1.9,-3.5,-0.1
2018,Derrick Rose,PG,29,CLE,7,188,11.8,0.542,0.157,0.253,4.4,6.4,5.4,10.2,0.5,0.5,17.1,26.2,0,0,0,-0.013,-3.6,-4.2,-7.8,-0.3
2018,Terrence Ross,SG,26,ORL,22,576,10.4,0.515,0.48,0.198,1.9,11.2,6.6,8.5,2.2,1.3,11.5,16.3,0,0.3,0.4,0.03,-1.2,0,-1.2,0.1
2018,Terry Rozier,PG,23,BOS,24,555,13.5,0.497,0.517,0.161,3.6,16.7,10.3,13.8,2.2,0.1,7.2,18.9,0.4,1,1.5,0.127,0,1.2,1.2,0.5
2018,Ricky Rubio,PG,27,UTA,22,631,13.7,0.519,0.393,0.345,1.8,13.4,7.4,27.5,2.9,0.6,20.7,23.8,-0.1,0.9,0.9,0.065,-0.9,0.7,-0.2,0.3
2018,D'Angelo Russell,PG,21,BRK,12,333,19.4,0.539,0.298,0.307,2.7,15.1,8.7,38.3,1.7,0.5,17.1,35,0.1,0.2,0.3,0.046,2.6,-0.9,1.7,0.3
2018,Domantas Sabonis,PF,21,IND,21,529,19.2,0.604,0.061,0.48,12.6,25.9,19.3,13,0.6,1.1,16.5,21.4,1.3,0.4,1.7,0.155,1.1,-0.2,0.9,0.4
2018,JaKarr Sampson,SF,24,SAC,3,38,9.3,0.46,0.1,0.2,8.7,15.9,12.1,7.8,0,2.5,0,12.9,0,0,0.1,0.069,-2.6,-1.7,-4.3,0
2018,Dario Saric,PF,23,PHI,22,624,12.1,0.523,0.446,0.17,7.5,15.9,11.8,9.1,0.8,1.2,12.1,18.1,0.5,0.6,1.1,0.082,-0.4,-0.2,-0.6,0.2
2018,Tomas Satoransky,SG,26,WAS,13,185,17,0.602,0.227,0.386,5.5,10.7,8.1,26.4,1.6,0,10.4,13.6,0.6,0.2,0.8,0.198,2.5,-0.6,1.9,0.2
2018,Dennis Schroder,PG,24,ATL,20,643,19.3,0.533,0.205,0.194,2.6,7.3,4.9,36.7,1.8,0,13.4,30,0.9,0.1,1.1,0.079,2.4,-3,-0.6,0.2
2018,Mike Scott,PF,29,WAS,19,340,12.8,0.591,0.303,0.168,3.7,17.1,10.5,5.1,0.9,1,13.5,19,0.3,0.4,0.6,0.086,-1.3,-1,-2.3,0
2018,Thabo Sefolosha,SF,33,UTA,22,462,15.8,0.613,0.365,0.23,3.4,20.6,11.7,6,3.3,0.6,10.9,15.2,0.7,0.8,1.5,0.153,0,1.7,1.6,0.4
2018,Wayne Selden,SG,23,MEM,2,19,15.2,0.717,0.5,0.5,0,12.3,6.1,32.8,2.7,0,38.1,19.1,0,0,0,0.074,-2.4,-2.2,-4.6,0
2018,Ramon Sessions,PG,31,NYK,8,131,9.8,0.45,0.231,0.385,0.9,9.9,5.6,26.3,2.7,0.7,20.8,19.2,-0.1,0.1,0,0.015,-3.4,-0.2,-3.6,-0.1
2018,Iman Shumpert,SG,27,CLE,13,271,6.9,0.487,0.439,0.263,3,13.3,8.4,8.4,1.6,1.6,21.1,13.2,-0.2,0.2,0,-0.002,-3.3,0.1,-3.2,-0.1
2018,Pascal Siakam,PF,23,TOR,20,423,14.8,0.552,0.336,0.141,5.4,18.8,12.3,11.8,2,1.9,11.7,16.1,0.5,0.6,1,0.117,0.6,1.9,2.5,0.5
2018,Ben Simmons,PG,21,PHI,21,751,19.5,0.522,0.026,0.383,7.1,20,13.6,31.7,2.8,2,17.8,24.1,0.7,1.3,2,0.126,0.6,3.9,4.5,1.2
2018,Jonathon Simmons,SG,28,ORL,23,601,13.6,0.572,0.241,0.407,3,8.7,5.9,11,1.3,0.3,14.5,23.9,0.5,0.1,0.5,0.043,-0.7,-2.6,-3.3,-0.2
2018,Kobi Simmons,PG,20,MEM,1,5,13.8,1,0,0,0,0,0,0,0,0,0,9.2,0,0,0,0.166,2,-4.2,-2.2,0
2018,Kyle Singler,SF,29,OKC,1,2,42.5,1,0,0,0,0,0,0,0,0,0,21.7,0,0,0,0.353,9.8,-7.2,2.6,0
2018,Marcus Smart,SG,23,BOS,22,676,10.7,0.443,0.491,0.304,3.5,11.5,7.6,25.8,2,1.4,16.8,19.2,-0.2,1.2,1,0.069,-1.6,1.8,0.2,0.4
2018,Dennis Smith,PG,20,DAL,21,591,11.2,0.464,0.341,0.152,3,12.6,7.6,27.1,1.4,1.1,16.8,29.4,-1.1,0.5,-0.6,-0.048,-2.6,-0.4,-3,-0.2
2018,Ish Smith,PG,29,DET,22,436,16.6,0.521,0.104,0.137,1.5,11.6,6.4,33.3,0.9,1.2,11.4,22,0.7,0.3,1,0.116,-0.3,-1.3,-1.6,0
2018,J.R. Smith,SG,32,CLE,23,715,8,0.518,0.71,0.077,1.2,9.2,5.3,8.8,1.7,0.1,10.8,13.1,0.2,0.3,0.5,0.031,-0.1,-1.1,-1.2,0.1
2018,Jason Smith,C,31,WAS,8,76,5.1,0.392,0.52,0.28,8.9,8.7,8.8,1.8,0,5.6,9.7,17.9,-0.1,0.1,0,-0.01,-4.6,-0.8,-5.4,-0.1
2018,Josh Smith,PF,32,NOP,3,12,3.6,0.25,0,0,28.4,8.9,18.3,0,0,0,0,14.5,0,0,0,-0.017,-6,-7.5,-13.5,0
2018,Tony Snell,SG,26,MIL,21,669,11.1,0.678,0.586,0.125,0.7,7.3,4,7.8,1.1,1.1,8.2,10.1,1.1,0.3,1.4,0.101,1.4,-1.4,0,0.3
2018,Marreese Speights,C,30,ORL,17,204,18.8,0.59,0.698,0.103,3.8,17.9,11,6.6,0.9,1.9,6.2,27.4,0.3,0.1,0.4,0.103,3.5,-4.4,-0.9,0.1
2018,Nik Stauskas,SG,24,PHI,5,37,5.4,0.515,0,0.667,0,2.8,1.4,3.3,5.1,0,34,6.6,0,0.1,0,0.035,-4.8,3.4,-1.4,0
2018,Lance Stephenson,SG,27,IND,23,491,12.4,0.506,0.299,0.262,4.8,20.9,13,16.7,1.3,0.7,15.7,19.3,0.1,0.4,0.5,0.049,-1.4,0,-1.5,0.1
2018,Julyan Stone,SG,29,CHO,2,18,14.6,0.75,1,0,0,29.5,14.8,16.6,5.4,0,33.3,14.5,0,0,0,0.129,0.1,4.2,4.4,0
2018,Caleb Swanigan,PF,20,POR,13,128,7,0.405,0.125,0.325,10.4,20.1,15.3,10.4,1.5,1.9,19.4,19.3,-0.2,0.2,0,0.004,-5.9,1.6,-4.3,-0.1
2018,Jayson Tatum,SF,19,BOS,24,727,17.2,0.636,0.321,0.403,3.2,15.7,9.6,7.9,1.6,2.4,11.3,17.9,1.6,1.4,2.9,0.194,1,2.2,3.2,1
2018,Isaiah Taylor,PG,23,ATL,15,241,12.4,0.545,0.247,0.329,0.5,8.1,4.2,21,1.6,1.5,16.1,18.1,0.2,0.1,0.2,0.046,-2.2,-2,-4.2,-0.1
2018,Jeff Teague,PG,29,MIN,19,644,15.5,0.544,0.329,0.305,1.2,9.5,5.3,32.9,2.5,1.1,20.4,20.6,0.7,0.4,1.1,0.08,1.1,-1.2,-0.1,0.3
2018,Mirza Teletovic,PF,32,MIL,10,159,14,0.623,0.789,0,2.2,15,8.6,9.7,1.3,0.6,10.9,18.5,0.2,0.1,0.3,0.097,2.1,-3.3,-1.2,0
2018,Garrett Temple,SG,31,SAC,22,574,10.1,0.533,0.53,0.171,1,10.3,5.4,9.2,2.1,1.8,13.3,15.9,0,0.3,0.3,0.027,-1.1,-0.5,-1.6,0.1
2018,Milos Teodosic,PG,30,LAC,2,32,8.7,0.458,0.583,0,0,3.5,1.7,37.8,0,2.7,20,20.4,0,0,0,-0.01,-3.2,-7.2,-10.4,-0.1
2018,Jason Terry,SG,40,MIL,9,99,5.1,0.364,0.647,0.118,0,9.6,4.8,8,3,2.7,18.3,10.2,-0.2,0.1,0,-0.022,-5.1,1,-4,-0.1
2018,Daniel Theis,C,25,BOS,22,272,14.7,0.618,0.176,0.324,12.8,22.9,18,5.2,1.7,5.2,25.1,16.9,0.2,0.7,0.8,0.146,-2.8,3.7,0.9,0.2
2018,Lance Thomas,PF,29,NYK,18,262,6.2,0.496,0.39,0.288,5.4,14.5,10.1,3.6,0.8,0,14.2,12.9,0,0.2,0.2,0.03,-2.6,-1.2,-3.7,-0.1
2018,Klay Thompson,SG,27,GSW,23,761,18.4,0.62,0.462,0.065,1.8,11.6,7.1,11.3,0.9,1.9,8.4,23.5,1.6,0.7,2.3,0.143,3.1,-2.2,1,0.6
2018,Tristan Thompson,C,26,CLE,8,173,10.1,0.567,0,0.423,11.6,21.5,16.7,2.3,0.3,2,16.3,9.4,0.2,0.1,0.3,0.08,-2.5,-1,-3.5,-0.1
2018,Sindarius Thornwell,SG,23,LAC,21,339,8.2,0.554,0.325,0.312,2.6,4,3.3,6,2,1.8,15.4,13.3,0.1,0.1,0.3,0.037,-1.8,-0.8,-2.6,-0.1
2018,Anthony Tolliver,PF,32,DET,19,340,13.5,0.597,0.804,0.293,4.2,13.8,8.9,7.8,1.5,1.5,9.6,14.8,0.6,0.3,1,0.134,1.8,0,1.8,0.3
2018,Karl-Anthony Towns,C,22,MIN,23,791,22.6,0.619,0.246,0.293,9.3,29.9,19.5,7.2,0.8,3.2,11.2,23.8,2.3,0.7,3,0.183,2.5,-0.6,1.9,0.8
2018,P.J. Tucker,SF,32,HOU,21,578,9.5,0.573,0.714,0.2,5.3,18.9,12.1,4.7,2.3,0.9,16.8,10.3,0.4,0.9,1.3,0.107,-0.9,2.3,1.5,0.5
2018,Evan Turner,SF,29,POR,23,605,8.2,0.458,0.227,0.21,1.8,14.3,8.2,12.9,1.3,1.3,15.8,16.9,-0.5,0.9,0.4,0.035,-4.1,1.5,-2.6,-0.1
2018,Myles Turner,C,21,IND,16,467,17.2,0.564,0.221,0.243,3.9,24.6,14.3,6.3,0.4,7,10.3,20.9,0.5,0.6,1.1,0.111,-1.8,1.6,-0.2,0.2
2018,Ekpe Udoh,C,30,UTA,23,348,13.7,0.52,0,0.426,9.6,8.9,9.2,11.6,2.2,8.5,15.2,8.5,0.5,0.6,1.1,0.158,-1.3,6.5,5.3,0.6
2018,Tyler Ulis,PG,22,PHO,23,522,9.7,0.457,0.196,0.24,1,7.3,4.1,24.5,2.3,0.1,18.5,19.1,-0.4,0.2,-0.2,-0.021,-3.2,-2.4,-5.7,-0.5
2018,Jonas Valanciunas,C,25,TOR,17,345,18.9,0.615,0.039,0.297,12.8,26.6,19.9,5.8,0.6,2.4,15.7,22,0.7,0.4,1.2,0.163,-0.5,-0.5,-1,0.1
2018,Denzel Valentine,SG,24,CHI,21,611,11.7,0.498,0.561,0.029,2.6,17.9,9.9,17.3,1.5,0.3,8.8,16.4,0.3,0.4,0.7,0.052,-0.6,-0.3,-1,0.2
2018,Fred VanVleet,PG,23,TOR,21,341,14.4,0.503,0.398,0.161,1.4,10.2,5.9,25.1,2.6,1,11.9,18.5,0.4,0.4,0.8,0.114,0.5,-0.1,0.4,0.2
2018,Rashad Vaughn,SG,21,MIL,10,66,11.4,0.548,0.571,0,0,5.4,2.7,9,1.5,2.7,4.5,15.3,0.1,0,0.1,0.069,-0.9,-2.9,-3.8,0
2018,Noah Vonleh,PF,22,POR,16,355,13,0.59,0,0.339,9,29.3,19.3,3.7,0.7,2.3,13.4,10.1,0.5,0.7,1.1,0.155,-2.9,2,-1,0.1
2018,Nikola Vucevic,C,27,ORL,23,681,18.8,0.549,0.297,0.106,5.4,25,15.4,16.5,1.5,2.3,10.7,23.8,0.8,0.6,1.4,0.102,1,0.9,1.9,0.7
2018,Dwyane Wade,SG,36,CLE,22,517,16.9,0.508,0.119,0.294,3.4,14.4,9.1,25.8,2.2,3.5,15.2,24.8,0.3,0.5,0.8,0.074,-1.8,1,-0.8,0.2
2018,Dion Waiters,SG,26,MIA,20,627,11,0.491,0.433,0.137,1.4,7.9,4.7,20.9,1.3,0.6,14.7,26.6,-0.6,0.5,-0.1,-0.007,-1.9,-1.6,-3.5,-0.2
2018,Kemba Walker,PG,27,CHO,19,668,21.4,0.579,0.392,0.376,1.9,9.5,5.8,30.8,0.9,0.6,10.3,26.5,2.1,0.4,2.5,0.177,5.4,-1.6,3.8,1
2018,John Wall,PG,27,WAS,16,550,21.7,0.532,0.234,0.438,1.2,9.6,5.5,43.6,1.5,2.8,13.6,28.1,1.2,0.6,1.8,0.159,3.3,-0.1,3.1,0.7
2018,Taurean Waller-Prince,SF,23,ATL,22,676,11.5,0.518,0.345,0.123,3.3,15.4,9.3,11.5,2,1.6,16.4,20.6,-0.4,0.5,0.1,0.007,-2.1,0.2,-1.9,0
2018,Derrick Walton,PG,22,MIA,4,12,7.3,0.258,0.333,0.667,0,18.3,9.2,0,4.1,6.8,0,14.5,0,0,0,-0.029,-10.6,3.2,-7.4,0
2018,T.J. Warren,SF,24,PHO,24,746,18.6,0.532,0.094,0.263,6.8,12.8,9.7,6.7,1.4,2.1,6.7,24.5,1.1,0.3,1.5,0.093,0.1,-2,-1.9,0
2018,Briante Weber,PG,25,HOU,3,12,3.4,,,,0,18.5,9.3,10.3,4,0,100,3.6,0,0,0,0.021,-7.3,5.9,-1.4,0
2018,David West,C,37,GSW,21,249,25.2,0.687,0.067,0.189,8.3,20.8,15.1,20.1,2.5,7.6,19.1,20.8,0.7,0.5,1.2,0.234,2.1,4.6,6.7,0.6
2018,Russell Westbrook,PG,29,OKC,21,743,21.3,0.497,0.298,0.347,4.9,25.3,14.7,47.8,3.1,0.3,17.9,33,0.6,1.4,2,0.128,3,3.1,6.1,1.5
2018,Derrick White,PG,23,SAS,4,21,8.7,0.133,0,2,10.6,21.3,16,12,2.4,4,0,8,0,0,0,0.049,-5.7,4.9,-0.7,0
2018,Okaro White,PF,25,MIA,6,80,9.1,0.577,0.688,0.188,4.2,11,7.6,3.7,0.6,1,5.5,10.3,0.1,0.1,0.2,0.094,-1.3,-0.6,-2,0
2018,Isaiah Whitehead,PG,22,BRK,8,92,9.7,0.496,0.174,0.217,2.2,12.8,7.4,25.8,2.5,1.7,25.2,30.4,-0.3,0.1,-0.2,-0.099,-5.8,-0.4,-6.2,-0.1
2018,Hassan Whiteside,C,28,MIA,15,402,25.6,0.612,0.013,0.325,11.7,40.8,26.3,2.8,1.7,4.8,11.2,22.9,0.9,0.9,1.8,0.215,-2.7,1.1,-1.6,0
2018,Andrew Wiggins,SF,22,MIN,23,849,15.2,0.536,0.283,0.353,3.1,9.8,6.4,8.6,1.7,1.5,9.4,23.5,0.8,0.4,1.2,0.068,0.5,-1.5,-1,0.2
2018,Jacob Wiley,PF,23,BRK,4,32,8.3,0.41,0.5,0.5,6.3,30.1,17.9,7.9,1.5,0,0,6.3,0,0,0.1,0.089,-3.3,1.1,-2.3,0
2018,Damien Wilkins,SF,38,IND,12,77,7.7,0.5,0.375,0,5.9,7.2,6.5,10.2,1.3,0,20,11.3,0,0,0,0.016,-2.1,-1.4,-3.6,0
2018,C.J. Williams,SG,27,LAC,9,83,8.7,0.503,0.286,0.095,0,12.3,6,14.5,1.2,0,12.1,13.1,0,0,0,0.028,-3.1,-2.4,-5.5,-0.1
2018,Lou Williams,SG,31,LAC,21,618,19.8,0.587,0.419,0.333,1.8,7.9,4.8,24.4,1.7,0.6,14.8,27.6,1.3,0.2,1.5,0.12,3.6,-3.3,0.3,0.4
2018,Marvin Williams,PF,31,CHO,21,539,14.1,0.621,0.528,0.19,3,14.6,8.8,6.2,1.5,1.3,6.7,13.3,1,0.5,1.6,0.139,1.3,0.9,2.2,0.6
2018,Troy Williams,SF,23,HOU,4,17,-2.4,0.242,0.556,0.333,6.6,19.6,13.2,8.5,2.8,0,8.8,28.8,-0.1,0,-0.1,-0.239,-11.5,-2.2,-13.7,-0.1
2018,D.J. Wilson,PF,21,MIL,9,35,3.5,0.444,0.333,0,0,17,8.5,4.1,0,0,10,13.1,0,0,0,-0.042,-6.4,-4,-10.4,-0.1
2018,Jamil Wilson,SF,27,LAC,3,21,27.6,0.875,0.875,0,10.4,10.8,10.6,8.7,0,0,11.1,18.7,0.1,0,0.1,0.258,10.6,-5.6,5.1,0
2018,Justise Winslow,SF,21,MIA,22,512,10.6,0.472,0.203,0.168,4.8,22.5,13.7,11.7,1.6,1.1,13,15.4,-0.1,0.7,0.6,0.059,-3.7,2.2,-1.5,0.1
2018,Jeff Withey,C,27,DAL,9,36,7.8,0.437,0.643,0.143,2.9,25.4,13.7,0,0,7.8,11.8,21,-0.1,0.1,0,-0.047,-9,-2.3,-11.2,-0.1
2018,Nate Wolters,PG,26,UTA,4,11,-5,0,0,0,10.1,10.8,10.4,11.6,0,0,0,12.3,0,0,0,-0.185,-10.7,-1.2,-11.8,0
2018,Brandan Wright,PF,30,MEM,16,229,20,0.581,0,0.365,10.1,17.9,14,3.7,1.8,7.2,3.9,15.3,0.5,0.4,0.9,0.184,-1.2,2.7,1.5,0.2
2018,Delon Wright,PG,25,TOR,14,292,15,0.67,0.431,0.492,2.5,10.7,6.7,17,2.2,1.4,24,15.7,0.5,0.3,0.8,0.135,1.3,0.9,2.1,0.3
2018,Guerschon Yabusele,PF,22,BOS,7,32,14.5,0.543,0.583,0.167,21.1,16.8,18.9,5,0,2.6,18.9,22.1,0,0,0.1,0.12,-0.2,-1.9,-2,0
2018,Joe Young,PG,25,IND,12,67,11.1,0.465,0.333,0.242,3.4,11.5,7.5,15.9,0.7,0,9.9,26.4,0,0,0,-0.011,-2.6,-4.3,-6.9,-0.1
2018,Nick Young,SG,32,GSW,22,282,14,0.602,0.743,0.15,1.7,9,5.7,6.2,1.8,0.6,9.1,20.2,0.3,0.3,0.6,0.104,1.9,-3.4,-1.5,0
2018,Thaddeus Young,PF,29,IND,23,763,14.7,0.531,0.26,0.061,6.2,13.7,10,8.9,2.5,1,9.8,18,0.7,0.7,1.4,0.086,0.6,0.7,1.3,0.6
2018,Cody Zeller,C,25,CHO,17,344,15.9,0.575,0.012,0.635,12.8,16.4,14.6,6.2,1.1,4.4,14.9,16.1,0.6,0.4,1,0.143,-1,2.4,1.4,0.3
2018,Tyler Zeller,C,28,BRK,14,257,16.8,0.637,0.091,0.39,8.3,13.3,10.7,6.7,1.3,2.4,14.3,17,0.5,0.2,0.7,0.121,-0.2,0.2,0,0.1
2018,Paul Zipser,SF,23,CHI,18,301,4.1,0.377,0.404,0.04,1.7,20.6,10.6,10.3,1.3,0.9,13.7,17.1,-0.7,0.2,-0.5,-0.083,-7.3,-0.5,-7.8,-0.4
2018,Ante Zizic,C,21,CLE,8,28,10.9,0.489,0,0.714,12.6,15.6,14.2,0,0,9.3,17.9,17.7,0,0,0,0.028,-7.6,-1.7,-9.3,-0.1
2018,Ivica Zubac,C,20,LAL,5,12,0.9,0.4,0,0,17.6,17.3,17.5,0,0,0,28.6,24.3,-0.1,0,0,-0.172,-13,-7.3,-20.3,-0.1
